-- Adminer 4.2.5 MySQL dump

SET NAMES utf8;
SET time_zone = '+00:00';
SET foreign_key_checks = 0;
SET sql_mode = 'NO_AUTO_VALUE_ON_ZERO';

DROP TABLE IF EXISTS `cashier`;
CREATE TABLE `cashier` (
  `id` int(11) NOT NULL AUTO_INCREMENT,
  `no_ref` varchar(20) NOT NULL,
  `customer_id` int(11) NOT NULL DEFAULT 0,
  `shop_id` int(11) NOT NULL,
  `salesman_id` int(11) NOT NULL,
  `note` text NOT NULL,
  `discount` bigint(20) NOT NULL DEFAULT 0,
  `subtotal` bigint(20) NOT NULL DEFAULT 0,
  `total` bigint(20) NOT NULL DEFAULT 0,
  `method_pembayaran` varchar(10) DEFAULT NULL,
  `signature` varchar(50) NOT NULL,
  `created_at` timestamp NULL DEFAULT current_timestamp(),
  `updated_at` timestamp NULL DEFAULT NULL,
  PRIMARY KEY (`id`)
) ENGINE=InnoDB DEFAULT CHARSET=latin1;

INSERT INTO `cashier` (`id`, `no_ref`, `customer_id`, `shop_id`, `salesman_id`, `note`, `discount`, `subtotal`, `total`, `method_pembayaran`, `signature`, `created_at`, `updated_at`) VALUES
(1,	'02170721140400',	1,	2,	0,	'',	0,	2125000,	2125000,	NULL,	'',	'2017-07-21 00:04:02',	'2017-07-21 00:04:02'),
(2,	'02170721140501',	2,	2,	0,	'',	0,	625000,	625000,	NULL,	'',	'2017-07-21 00:05:33',	'2017-07-21 00:05:33'),
(3,	'04170721140602',	4,	4,	0,	'',	0,	1050000,	1050000,	NULL,	'',	'2017-07-21 00:06:15',	'2017-07-21 00:06:15'),
(4,	'02170721151403',	1,	2,	0,	'',	0,	575000,	575000,	NULL,	'',	'2017-07-21 01:14:11',	'2017-07-21 01:14:11'),
(5,	'02170721151604',	4,	2,	0,	'',	0,	2050000,	2050000,	NULL,	'',	'2017-07-21 01:16:53',	'2017-07-21 01:16:53'),
(6,	'02170721151905',	1,	2,	0,	'',	0,	50000,	50000,	NULL,	'',	'2017-07-21 01:19:05',	'2017-07-21 01:19:05'),
(7,	'02170721155106',	6,	2,	0,	'',	0,	50000,	50000,	NULL,	'',	'2017-07-21 01:51:56',	'2017-07-21 01:51:56'),
(8,	'02170721155607',	2,	2,	0,	'',	0,	150000,	150000,	NULL,	'',	'2017-07-21 01:56:52',	'2017-07-21 01:56:52'),
(9,	'02170721163008',	4,	2,	0,	'',	0,	625000,	625000,	NULL,	'',	'2017-07-21 02:30:55',	'2017-07-21 02:30:55'),
(10,	'02170725104309',	6,	2,	0,	'',	0,	200000,	200000,	NULL,	'',	'2017-07-24 20:43:31',	'2017-07-24 20:43:31'),
(11,	'02170725155710',	4,	2,	0,	'',	0,	400000,	400000,	NULL,	'',	'2017-07-25 01:57:11',	'2017-07-25 01:57:11'),
(12,	'02170725160011',	6,	2,	0,	'',	0,	100000,	100000,	NULL,	'',	'2017-07-25 02:00:02',	'2017-07-25 02:00:02'),
(13,	'02170725160712',	1,	2,	0,	'',	0,	625000,	625000,	NULL,	'',	'2017-07-25 02:07:31',	'2017-07-25 02:07:31'),
(14,	'021707260918014',	1,	2,	0,	'',	0,	450000,	450000,	NULL,	'',	'2017-07-25 19:18:52',	'2017-07-25 19:18:52'),
(15,	'02170726095114',	2,	2,	0,	'',	0,	125000,	125000,	NULL,	'',	'2017-07-25 19:51:53',	'2017-07-25 19:51:53'),
(16,	'02170726165015',	1,	2,	0,	'',	0,	50000,	50000,	NULL,	'',	'2017-07-26 02:50:42',	'2017-07-26 02:50:42'),
(17,	'02170726171316',	6,	2,	0,	'',	0,	250000,	250000,	NULL,	'',	'2017-07-26 03:13:23',	'2017-07-26 03:13:23'),
(18,	'02170731100617',	1,	2,	1,	'',	0,	100000,	100000,	NULL,	'',	'2017-07-30 20:08:06',	'2017-07-30 20:08:06'),
(19,	'02170731101218',	1,	2,	1,	'',	0,	1875000,	1875000,	NULL,	'',	'2017-07-30 20:12:46',	'2017-07-30 20:12:46'),
(20,	'04170801153719',	4,	4,	0,	'',	0,	175000,	175000,	NULL,	'',	'2017-08-01 01:37:49',	'2017-08-01 01:37:49'),
(21,	'04170801153820',	2,	4,	0,	'',	0,	3150000,	3150000,	NULL,	'',	'2017-08-01 01:38:25',	'2017-08-01 01:38:25'),
(22,	'02170802102221',	1,	2,	1,	'',	0,	100000,	100000,	NULL,	'',	'2017-08-01 20:22:24',	'2017-08-01 20:22:24'),
(23,	'02170802102522',	1,	2,	0,	'',	0,	100000,	100000,	NULL,	'',	'2017-08-01 20:25:46',	'2017-08-01 20:25:46'),
(24,	'02170802133123',	1,	2,	0,	'',	0,	225000,	225000,	NULL,	'',	'2017-08-01 23:31:38',	'2017-08-01 23:31:38'),
(25,	'04170802134224',	2,	4,	0,	'',	0,	525000,	525000,	NULL,	'',	'2017-08-01 23:42:37',	'2017-08-01 23:42:37'),
(26,	'02170803142325',	2,	2,	0,	'',	0,	1400000,	1400000,	NULL,	'',	'2017-08-03 00:23:24',	'2017-08-03 00:23:24'),
(27,	'02170803142726',	3,	2,	0,	'',	0,	100000,	100000,	NULL,	'',	'2017-08-03 00:27:53',	'2017-08-03 00:27:53'),
(28,	'02170803143127',	2,	2,	0,	'',	0,	250000,	250000,	NULL,	'',	'2017-08-03 00:31:05',	'2017-08-03 00:31:05'),
(37,	'04170803150136',	2,	4,	0,	'',	99500,	845000,	745500,	NULL,	'',	'2017-08-03 01:01:57',	'2017-08-03 01:01:57'),
(43,	'04170803155042',	6,	4,	0,	'',	52000,	1040000,	988000,	NULL,	'',	'2017-08-03 01:50:30',	'2017-08-03 01:50:30'),
(44,	'04170806230043',	1,	4,	0,	'',	0,	175000,	175000,	NULL,	'',	'2017-08-06 16:00:15',	'2017-08-06 16:00:15'),
(54,	'04170808142744',	2,	4,	0,	'',	3000,	340000,	337000,	NULL,	'',	'2017-08-08 07:27:24',	'2017-08-08 07:27:24'),
(55,	'04170810103545',	6,	4,	0,	'',	0,	350000,	350000,	NULL,	'',	'2017-08-10 03:35:12',	'2017-08-10 03:35:12'),
(56,	'02170818140346',	1,	2,	0,	'',	0,	800000,	800000,	NULL,	'',	'2017-08-18 07:03:37',	'2017-08-18 07:03:37'),
(57,	'02170818154847',	1,	2,	0,	'',	0,	195000,	195000,	NULL,	'',	'2017-08-18 08:48:33',	'2017-08-18 08:48:33'),
(58,	'02170822102748',	0,	2,	0,	'',	0,	225000,	225000,	NULL,	'',	'2017-08-22 03:27:36',	'2017-08-22 03:27:36'),
(59,	'02170822110549',	0,	2,	0,	'',	0,	390000,	390000,	NULL,	'',	'2017-08-22 04:05:02',	'2017-08-22 04:05:02'),
(60,	'02170822140950',	1,	2,	0,	'',	19500,	195000,	175500,	NULL,	'',	'2017-08-22 07:09:14',	'2017-08-22 07:09:14'),
(61,	'02170822141151',	2,	2,	0,	'',	0,	97500,	97500,	NULL,	'',	'2017-08-22 07:11:09',	'2017-08-22 07:11:09'),
(62,	'02170822141352',	6,	2,	0,	'',	0,	100000,	100000,	NULL,	'',	'2017-08-22 07:13:56',	'2017-08-22 07:13:56'),
(63,	'02170822141653',	0,	2,	0,	'',	0,	75000,	75000,	NULL,	'',	'2017-08-22 07:16:18',	'2017-08-22 07:16:18'),
(64,	'02170822141754',	0,	2,	0,	'',	0,	75000,	75000,	NULL,	'',	'2017-08-22 07:17:06',	'2017-08-22 07:17:06'),
(65,	'INV-040822171421',	0,	2,	0,	'',	0,	75000,	75000,	NULL,	'',	'2017-08-22 07:22:04',	'2017-08-22 07:22:04'),
(66,	'02170822152656',	0,	2,	0,	'',	7500,	492500,	485000,	NULL,	'',	'2017-08-22 08:26:23',	'2017-08-22 08:26:23'),
(67,	'04170822161457',	0,	4,	0,	'',	5000,	345000,	340000,	NULL,	'',	'2017-08-22 09:14:58',	'2017-08-22 09:14:58'),
(68,	'02170823105158',	0,	2,	0,	'lunas',	2500,	292500,	290000,	NULL,	'',	'2017-08-23 03:51:18',	'2017-08-23 03:51:18'),
(69,	'02170906154146',	0,	2,	0,	'',	0,	390000,	390000,	NULL,	'',	'2017-09-06 08:41:27',	'2017-09-06 08:41:27'),
(70,	'02170906154247',	1,	2,	0,	'',	20000,	195000,	175000,	NULL,	'',	'2017-09-06 08:42:02',	'2017-09-06 08:42:02'),
(71,	'02170912101048',	0,	2,	5,	'',	2500,	982500,	980000,	NULL,	'',	'2017-09-12 03:10:58',	'2017-09-12 03:10:58'),
(72,	'02170914091549',	3,	2,	0,	'',	0,	675000,	675000,	NULL,	'',	'2017-09-14 02:15:11',	'2017-09-14 02:15:11'),
(73,	'0120171004110046',	2,	2,	0,	'',	0,	50000,	50000,	'1,2,',	'files/signature/59d486db1a144.png',	'2017-10-04 06:59:39',	'2017-10-04 06:59:39'),
(74,	'0120171019135204',	1,	2,	5,	'',	10000,	195000,	185000,	'1,',	'files/signature/59e84be698bd8.png',	'2017-10-19 06:53:26',	'2017-10-19 06:53:26'),
(75,	'0',	1,	2,	0,	'',	0,	50000,	50000,	'1,',	'files/signature/59ed5daa769ad.png',	'2017-10-23 03:10:34',	'2017-10-23 03:10:34'),
(76,	'0120171023101125',	1,	2,	0,	'',	0,	50000,	50000,	'1,',	'files/signature/59ed5dfa91643.png',	'2017-10-23 03:11:54',	'2017-10-23 03:11:54'),
(77,	'0120171106151037',	1,	2,	0,	'',	0,	97500,	97500,	'',	'files/signature/5a0019074a512.png',	'2017-11-06 08:10:47',	'2017-11-06 08:10:47'),
(78,	'01201711714479',	2,	4,	0,	'',	0,	585000,	585000,	'1,',	'files/signature/5a01652fbe558.png',	'2017-11-07 07:47:59',	'2017-11-07 21:47:59'),
(79,	'012017117145425',	2,	4,	0,	'',	0,	97500,	97500,	'1,',	'files/signature/5a0166c37f173.png',	'2017-11-07 07:54:43',	'2017-11-07 21:54:43'),
(80,	'012017117145659',	2,	4,	0,	'',	0,	495000,	495000,	'1,',	'files/signature/5a01676807aca.png',	'2017-11-07 07:57:28',	'2017-11-07 21:57:28'),
(81,	'012017117145915',	0,	4,	0,	'',	0,	165000,	165000,	'',	'files/signature/5a0167dbc379a.png',	'2017-11-07 07:59:23',	'2017-11-07 21:59:23'),
(82,	'01201711715248',	0,	4,	0,	'',	0,	97500,	97500,	'',	'files/signature/5a0168aec0af8.png',	'2017-11-07 08:02:54',	'2017-11-07 22:02:54'),
(83,	'012017119103717',	1,	2,	0,	'',	0,	195000,	195000,	'',	'files/signature/5a03cd8c85d22.png',	'2017-11-09 03:37:48',	'2017-11-09 17:37:48'),
(84,	'012017119103829',	0,	4,	0,	'',	0,	660000,	660000,	'2,',	'files/signature/5a03cdc704d98.png',	'2017-11-09 03:38:47',	'2017-11-09 17:38:47'),
(85,	'012017119104243',	0,	4,	0,	'',	0,	195000,	195000,	'1,',	'files/signature/5a03cebf736df.png',	'2017-11-09 03:42:55',	'2017-11-09 17:42:55'),
(86,	'131117152052',	1,	4,	0,	'',	10,	825000,	742500,	NULL,	'',	'2017-11-13 08:20:52',	'2017-11-13 08:20:52'),
(87,	'0120171114141018',	1,	2,	5,	'Ini Catatan',	49500,	487500,	438000,	'1,',	'files/signature/5a0aa422e9406.png',	'2017-11-14 08:06:58',	'2017-11-14 08:06:58');

DROP TABLE IF EXISTS `cashier_details`;
CREATE TABLE `cashier_details` (
  `id` int(11) NOT NULL AUTO_INCREMENT,
  `cashier_id` int(11) NOT NULL,
  `model_id` int(11) NOT NULL,
  `qty` int(11) NOT NULL,
  `created_at` timestamp NULL DEFAULT current_timestamp(),
  `updated_at` timestamp NULL DEFAULT NULL,
  PRIMARY KEY (`id`)
) ENGINE=InnoDB DEFAULT CHARSET=latin1;

INSERT INTO `cashier_details` (`id`, `cashier_id`, `model_id`, `qty`, `created_at`, `updated_at`) VALUES
(1,	1,	11,	15,	'2017-07-21 07:04:02',	'2017-07-21 07:04:02'),
(2,	1,	9,	5,	'2017-07-21 07:04:02',	'2017-07-21 07:04:02'),
(3,	2,	9,	5,	'2017-07-21 07:05:33',	'2017-07-21 07:05:33'),
(4,	3,	8,	5,	'2017-07-21 07:06:15',	'2017-07-21 07:06:15'),
(5,	3,	6,	1,	'2017-07-21 07:06:15',	'2017-07-21 07:06:15'),
(6,	3,	4,	1,	'2017-07-21 07:06:15',	'2017-07-21 07:06:15'),
(7,	4,	11,	2,	'2017-07-21 08:14:11',	'2017-07-21 08:14:11'),
(8,	4,	9,	3,	'2017-07-21 08:14:12',	'2017-07-21 08:14:12'),
(9,	5,	11,	18,	'2017-07-21 08:16:53',	'2017-07-21 08:16:53'),
(10,	5,	9,	2,	'2017-07-21 08:16:54',	'2017-07-21 08:16:54'),
(11,	6,	1,	1,	'2017-07-21 08:19:06',	'2017-07-21 08:19:06'),
(12,	7,	1,	1,	'2017-07-21 08:51:56',	'2017-07-21 08:51:56'),
(13,	8,	7,	3,	'2017-07-21 08:56:52',	'2017-07-21 08:56:52'),
(14,	9,	9,	5,	'2017-07-21 09:30:55',	'2017-07-21 09:30:55'),
(15,	10,	7,	4,	'2017-07-25 03:43:31',	'2017-07-25 03:43:31'),
(16,	11,	7,	8,	'2017-07-25 08:57:12',	'2017-07-25 08:57:12'),
(17,	12,	4,	1,	'2017-07-25 09:00:02',	'2017-07-25 09:00:02'),
(18,	13,	9,	5,	'2017-07-25 09:07:31',	'2017-07-25 09:07:31'),
(19,	14,	11,	2,	'2017-07-26 02:18:52',	'2017-07-26 02:18:52'),
(20,	14,	9,	2,	'2017-07-26 02:18:52',	'2017-07-26 02:18:52'),
(21,	15,	9,	1,	'2017-07-26 02:51:54',	'2017-07-26 02:51:54'),
(22,	16,	1,	1,	'2017-07-26 09:50:43',	'2017-07-26 09:50:43'),
(23,	17,	9,	2,	'2017-07-26 10:13:24',	'2017-07-26 10:13:24'),
(24,	18,	11,	1,	'2017-07-31 03:06:50',	'2017-07-31 03:06:50'),
(25,	19,	9,	15,	'2017-07-31 03:12:46',	'2017-07-31 03:12:46'),
(26,	20,	3,	7,	'2017-08-01 08:37:49',	'2017-08-01 08:37:49'),
(27,	21,	8,	18,	'2017-08-01 08:38:25',	'2017-08-01 08:38:25'),
(28,	22,	4,	1,	'2017-08-02 03:22:26',	'2017-08-02 03:22:26'),
(29,	23,	11,	1,	'2017-08-02 03:25:48',	'2017-08-02 03:25:48'),
(30,	24,	6,	3,	'2017-08-02 06:31:38',	'2017-08-02 06:31:38'),
(31,	25,	8,	3,	'2017-08-02 06:42:38',	'2017-08-02 06:42:38'),
(32,	26,	11,	6,	'2017-08-03 07:23:25',	'2017-08-03 07:23:25'),
(33,	26,	4,	8,	'2017-08-03 07:23:25',	'2017-08-03 07:23:25'),
(34,	27,	7,	1,	'2017-08-03 07:27:54',	'2017-08-03 07:27:54'),
(35,	27,	1,	1,	'2017-08-03 07:27:54',	'2017-08-03 07:27:54'),
(36,	28,	6,	2,	'2017-08-03 07:31:05',	'2017-08-03 07:31:05'),
(37,	28,	11,	1,	'2017-08-03 07:31:05',	'2017-08-03 07:31:05'),
(38,	37,	10,	3,	'2017-08-03 08:01:58',	'2017-08-03 08:01:58'),
(39,	37,	8,	2,	'2017-08-03 08:01:58',	'2017-08-03 08:01:58'),
(50,	43,	8,	2,	'2017-08-03 08:50:30',	'2017-08-03 08:50:30'),
(51,	43,	12,	6,	'2017-08-03 08:50:30',	'2017-08-03 08:50:30'),
(52,	44,	8,	1,	'2017-08-06 16:00:15',	'2017-08-06 16:00:15'),
(53,	53,	2,	1,	'2017-08-08 07:26:00',	'2017-08-08 07:26:00'),
(54,	53,	4,	1,	'2017-08-08 07:26:01',	'2017-08-08 07:26:01'),
(55,	54,	8,	1,	'2017-08-08 07:27:24',	'2017-08-08 07:27:24'),
(56,	54,	10,	1,	'2017-08-08 07:27:24',	'2017-08-08 07:27:24'),
(57,	55,	8,	2,	'2017-08-10 03:35:13',	'2017-08-10 03:35:13'),
(58,	56,	4,	8,	'2017-08-18 07:03:37',	'2017-08-18 07:03:37'),
(59,	57,	13,	2,	'2017-08-18 08:48:33',	'2017-08-18 08:48:33'),
(60,	58,	5,	3,	'2017-08-22 03:27:36',	'2017-08-22 03:27:36'),
(61,	59,	13,	4,	'2017-08-22 04:05:02',	'2017-08-22 04:05:02'),
(62,	60,	13,	2,	'2017-08-22 07:09:14',	'2017-08-22 07:09:14'),
(63,	61,	13,	1,	'2017-08-22 07:11:09',	'2017-08-22 07:11:09'),
(64,	62,	7,	2,	'2017-08-22 07:13:56',	'2017-08-22 07:13:56'),
(65,	63,	5,	1,	'2017-08-22 07:16:18',	'2017-08-22 07:16:18'),
(66,	64,	5,	1,	'2017-08-22 07:17:06',	'2017-08-22 07:17:06'),
(67,	65,	5,	1,	'2017-08-22 07:22:04',	'2017-08-22 07:22:04'),
(68,	66,	13,	3,	'2017-08-22 08:26:23',	'2017-08-22 08:26:23'),
(69,	66,	11,	2,	'2017-08-22 08:26:23',	'2017-08-22 08:26:23'),
(70,	67,	12,	3,	'2017-08-22 09:14:58',	'2017-08-22 09:14:58'),
(71,	68,	13,	3,	'2017-08-23 03:51:18',	'2017-08-23 03:51:18'),
(72,	69,	13,	4,	'2017-09-06 08:41:27',	'2017-09-06 08:41:27'),
(73,	70,	13,	2,	'2017-09-06 08:42:02',	'2017-09-06 08:42:02'),
(74,	71,	2,	3,	'2017-09-12 03:10:58',	'2017-09-12 03:10:58'),
(75,	71,	13,	9,	'2017-09-12 03:10:58',	'2017-09-12 03:10:58'),
(76,	72,	5,	9,	'2017-09-14 02:15:12',	'2017-09-14 02:15:12'),
(77,	73,	7,	1,	'2017-10-04 06:59:39',	'2017-10-04 06:59:39'),
(78,	74,	13,	2,	'2017-10-19 06:53:26',	'2017-10-19 06:53:26'),
(79,	75,	1,	2,	'2017-10-23 03:10:34',	'2017-10-23 03:10:34'),
(80,	76,	1,	2,	'2017-10-23 03:11:54',	'2017-10-23 03:11:54'),
(81,	77,	13,	1,	'2017-11-06 08:10:47',	'2017-11-06 08:10:47'),
(82,	78,	13,	6,	'2017-11-07 21:47:59',	'2017-11-07 21:47:59'),
(83,	79,	13,	1,	'2017-11-07 21:54:43',	'2017-11-07 21:54:43'),
(84,	80,	10,	3,	'2017-11-07 21:57:28',	'2017-11-07 21:57:28'),
(85,	81,	10,	1,	'2017-11-07 21:59:23',	'2017-11-07 21:59:23'),
(86,	82,	13,	1,	'2017-11-07 22:02:54',	'2017-11-07 22:02:54'),
(87,	83,	13,	2,	'2017-11-09 17:37:48',	'2017-11-09 17:37:48'),
(88,	84,	10,	4,	'2017-11-09 17:38:47',	'2017-11-09 17:38:47'),
(89,	85,	13,	2,	'2017-11-09 17:42:55',	'2017-11-09 17:42:55'),
(90,	86,	10,	5,	'2017-11-13 08:20:52',	'2017-11-13 08:20:52'),
(91,	87,	13,	5,	'2017-11-14 08:06:59',	'2017-11-14 08:06:59');

DROP TABLE IF EXISTS `cashier_status`;
CREATE TABLE `cashier_status` (
  `id` int(11) NOT NULL AUTO_INCREMENT,
  `no_ref` varchar(20) NOT NULL,
  `status` varchar(20) NOT NULL DEFAULT 'pending',
  `no_resi` varchar(30) NOT NULL DEFAULT '-',
  `address_id` int(11) NOT NULL DEFAULT 0,
  `shipping_id` int(11) NOT NULL DEFAULT 0,
  `created_at` timestamp NULL DEFAULT current_timestamp(),
  `updated_at` timestamp NULL DEFAULT NULL,
  PRIMARY KEY (`id`)
) ENGINE=InnoDB DEFAULT CHARSET=latin1;

INSERT INTO `cashier_status` (`id`, `no_ref`, `status`, `no_resi`, `address_id`, `shipping_id`, `created_at`, `updated_at`) VALUES
(1,	'04170804161543',	'dikirim',	'CGK2H03789568816',	1,	1,	'2017-08-04 09:15:09',	'2017-08-04 09:27:59'),
(2,	'02170804161844',	'pickup',	'-',	0,	0,	'2017-08-04 09:18:42',	'2017-08-04 09:18:42'),
(3,	'02170804161945',	'pending',	'-',	0,	0,	'2017-08-04 09:19:29',	'2017-08-04 09:19:29'),
(4,	'04170806230043',	'dikirim',	'CGA1294832',	2,	2,	'2017-08-06 16:00:25',	'2017-08-07 02:09:52'),
(5,	'04170808142744',	'dikirim',	'CGK07352434',	3,	2,	'2017-08-08 07:29:17',	'2017-10-24 07:10:58'),
(6,	'04170810103545',	'pending',	'-',	0,	0,	'2017-08-10 03:42:40',	'2017-08-10 03:42:40'),
(7,	'02170818140346',	'pending',	'-',	0,	0,	'2017-08-18 07:03:41',	'2017-08-18 07:03:41'),
(8,	'02170818154847',	'pending',	'-',	0,	0,	'2017-08-18 08:48:35',	'2017-08-18 08:48:35'),
(9,	'02170822140950',	'pending',	'-',	0,	0,	'2017-08-22 07:10:11',	'2017-08-22 07:10:11'),
(10,	'02170822141151',	'pending',	'-',	0,	0,	'2017-08-22 07:11:49',	'2017-08-22 07:11:49'),
(11,	'02170822141352',	'pending',	'-',	0,	0,	'2017-08-22 07:14:09',	'2017-08-22 07:14:09'),
(12,	'0120171019135204',	'pickup',	'-',	0,	0,	'2017-10-19 06:53:47',	'2017-10-19 06:53:47'),
(13,	'0120171023101125',	'dikirim',	'CGK072413',	4,	2,	'2017-10-23 06:27:22',	'2017-10-23 09:12:15'),
(14,	'012017119103717',	'dikirim',	'-',	3,	3,	'2017-11-09 17:37:56',	'2017-11-09 17:37:56'),
(15,	'0120171114141018',	'pending',	'-',	0,	0,	'2017-11-14 08:07:01',	'2017-11-14 08:07:01');

DROP TABLE IF EXISTS `config`;
CREATE TABLE `config` (
  `type` varchar(25) NOT NULL,
  `value` text NOT NULL
) ENGINE=InnoDB DEFAULT CHARSET=latin1;

INSERT INTO `config` (`type`, `value`) VALUES
('low_stock',	'10'),
('high_stock',	'20'),
('product_best_seller',	'7'),
('email_checklist',	'1'),
('phone_checklist',	'1'),
('email_list',	'fhmabdurahman@gmail.com, fahmi@cranium.id'),
('phone_list',	'08123456, 08215546'),
('email_cus_checklist',	'1'),
('phone_cus_checklist',	'1');

DROP TABLE IF EXISTS `costs`;
CREATE TABLE `costs` (
  `id` int(11) NOT NULL AUTO_INCREMENT,
  `name` varchar(20) NOT NULL,
  `created_at` timestamp NULL DEFAULT current_timestamp(),
  `updated_at` timestamp NULL DEFAULT NULL,
  PRIMARY KEY (`id`)
) ENGINE=InnoDB DEFAULT CHARSET=latin1;

INSERT INTO `costs` (`id`, `name`, `created_at`, `updated_at`) VALUES
(1,	'Jahit',	'2017-06-07 19:52:29',	'2017-06-07 19:52:29'),
(2,	'Obras',	'2017-06-07 19:52:34',	'2017-06-07 19:52:34'),
(3,	'Seleting / Acc',	'2017-06-07 19:52:44',	'2017-06-07 19:52:44'),
(4,	'Karet / Benang',	'2017-06-07 19:52:52',	'2017-06-07 19:52:52'),
(5,	'Bahan',	'2017-07-11 07:27:27',	'2017-07-11 07:27:27');

DROP TABLE IF EXISTS `customers`;
CREATE TABLE `customers` (
  `id` int(11) NOT NULL AUTO_INCREMENT,
  `customer_code` varchar(20) NOT NULL,
  `nama` varchar(50) NOT NULL,
  `email` varchar(100) NOT NULL,
  `no_telp` varchar(30) NOT NULL,
  `alamat` varchar(100) NOT NULL,
  `limit_debt` bigint(20) NOT NULL DEFAULT 5000000,
  `note` text NOT NULL,
  `created_at` timestamp NULL DEFAULT current_timestamp(),
  `updated_at` timestamp NULL DEFAULT NULL,
  PRIMARY KEY (`id`)
) ENGINE=InnoDB DEFAULT CHARSET=latin1;

INSERT INTO `customers` (`id`, `customer_code`, `nama`, `email`, `no_telp`, `alamat`, `limit_debt`, `note`, `created_at`, `updated_at`) VALUES
(0,	'C1706080000',	'Guest',	'',	'123456789',	'Jakarta',	0,	'',	'2017-06-07 18:58:21',	'2017-06-07 18:58:21'),
(1,	'C1706080001',	'Fahmi Abdurahman',	'fhmabdurahman@gmail.com',	'085691194459',	'Bogor',	5000000,	'Diskon 10%',	'2017-08-22 03:55:11',	'2017-08-22 03:55:11'),
(2,	'C1707120002',	'Chandra Then',	'chandrathen28@gmail.com',	'087815264523',	'Jakarta Barat',	5000000,	'',	'2017-07-12 07:41:54',	'2017-07-12 07:41:54'),
(3,	'C1707180003',	'Pelanggan',	'',	'0',	'-',	5000000,	'',	'2017-07-18 18:23:07',	'2017-07-18 18:23:07'),
(4,	'C1707200004',	'Cranium',	'',	'089785259756',	'Sawah Besar',	5000000,	'',	'2017-08-28 09:33:45',	'2017-08-28 09:33:45'),
(5,	'C1707200005',	'new customer',	'',	'0812323456',	'dummy',	5000000,	'',	'2017-07-20 04:23:13',	'2017-07-20 04:23:13'),
(6,	'C1707210006',	'Firman',	'',	'08783523128',	'JakTim',	5000000,	'',	'2017-07-21 07:54:32',	'2017-07-21 07:54:32'),
(7,	'C1707210007',	'tes',	'',	'0',	'-',	5000000,	'',	'2017-07-21 08:07:06',	'2017-07-21 08:07:06'),
(8,	'C1708070008',	'pelanggan baru',	'',	'123456',	'',	5000000,	'',	'2017-08-07 09:04:52',	'2017-08-07 09:04:52'),
(9,	'C1709120009',	'cembol',	'',	'089542367',	'',	5000000,	'',	'2017-09-12 08:59:52',	'2017-09-12 08:59:52'),
(11,	'C1709120011',	'test aja',	'',	'0878554',	'',	5000000,	'',	'2017-09-12 09:26:12',	'2017-09-12 09:26:12'),
(12,	'C1709180012',	'test shipping',	'tesaja@gmail.com',	'14045',	'Tanjung Priok',	5000000,	'-',	'2017-09-18 07:20:48',	NULL),
(13,	'C1711020013',	'chan',	'',	'012356547',	'jakbar',	5000000,	'',	'2017-11-02 03:27:17',	NULL),
(17,	'C1711080014',	'test shipping mobile',	'test@mail.com',	'14011',	'Jakarta Pusat',	5000000,	'-',	'2017-11-08 18:35:42',	'2017-11-08 18:35:42'),
(18,	'C1711150018',	'George',	'',	'08775498845',	'Kemayoran',	5000000,	'',	'2017-11-15 07:40:44',	NULL),
(19,	'C1711160019',	'tes',	'',	'085575614',	'Ciapus',	5000000,	'',	'2017-11-16 02:13:04',	NULL),
(20,	'C1711160020',	'tes 2',	'',	'0896475123',	'Cisarua',	5000000,	'',	'2017-11-16 02:13:25',	NULL);

DROP TABLE IF EXISTS `customer_address`;
CREATE TABLE `customer_address` (
  `id` int(11) NOT NULL AUTO_INCREMENT,
  `customer_id` int(11) DEFAULT NULL,
  `alamat` text DEFAULT NULL,
  `shipping_id` int(11) DEFAULT NULL,
  `created_at` timestamp NULL DEFAULT current_timestamp(),
  `updated_at` timestamp NULL DEFAULT NULL,
  PRIMARY KEY (`id`),
  KEY `customer_id` (`customer_id`),
  KEY `shipping_id` (`shipping_id`)
) ENGINE=InnoDB DEFAULT CHARSET=latin1;

INSERT INTO `customer_address` (`id`, `customer_id`, `alamat`, `shipping_id`, `created_at`, `updated_at`) VALUES
(3,	1,	'Bogor',	3,	'2017-09-18 07:16:40',	'2017-09-18 07:16:40'),
(4,	1,	'Jakarta',	2,	'2017-09-18 07:16:51',	'2017-09-18 07:16:51'),
(5,	12,	'Tanjung Priok',	1,	'2017-09-18 07:20:48',	'2017-09-18 07:20:48'),
(8,	17,	'Jakarta Pusat',	3,	'2017-11-08 18:35:42',	'2017-11-08 18:35:42'),
(17,	1,	'Bandung',	3,	'2017-11-08 21:41:53',	'2017-11-08 21:41:53'),
(18,	18,	'Kemayoran',	NULL,	'2017-11-15 07:40:44',	'2017-11-15 07:40:44'),
(19,	19,	'Ciapus',	NULL,	'2017-11-16 02:13:04',	'2017-11-16 02:13:04'),
(20,	20,	'Cisarua',	NULL,	'2017-11-16 02:13:25',	'2017-11-16 02:13:25');

DROP TABLE IF EXISTS `debts`;
CREATE TABLE `debts` (
  `id` int(11) NOT NULL AUTO_INCREMENT,
  `no_ref` varchar(20) NOT NULL,
  `customer_id` int(11) NOT NULL,
  `debt` bigint(20) NOT NULL,
  `due_date` timestamp NULL DEFAULT NULL,
  `created_at` timestamp NULL DEFAULT current_timestamp(),
  `updated_at` timestamp NULL DEFAULT NULL,
  PRIMARY KEY (`id`)
) ENGINE=InnoDB DEFAULT CHARSET=latin1;

INSERT INTO `debts` (`id`, `no_ref`, `customer_id`, `debt`, `due_date`, `created_at`, `updated_at`) VALUES
(1,	'02170721140400',	1,	-625000,	'2017-08-02 03:16:09',	'2017-07-21 07:04:02',	'2017-07-21 07:04:02'),
(2,	'02170721140501',	2,	-225001,	'2017-08-02 03:16:09',	'2017-07-21 07:05:33',	'2017-07-21 07:05:33'),
(3,	'02170721151403',	1,	-175000,	'2017-08-02 03:16:09',	'2017-07-21 08:14:12',	'2017-07-21 08:14:12'),
(4,	'02170721151604',	4,	-550000,	'2017-08-02 03:16:09',	'2017-07-21 08:16:54',	'2017-07-21 08:16:54'),
(5,	'02170721155607',	2,	-135000,	'2017-08-02 03:16:09',	'2017-07-21 08:56:52',	'2017-07-21 08:56:52'),
(6,	'02170721163008',	4,	-25000,	'2017-08-02 03:16:09',	'2017-07-21 09:30:55',	'2017-07-21 09:30:55'),
(7,	'02170725104309',	6,	-50000,	'2017-08-02 03:16:09',	'2017-07-25 03:43:31',	'2017-07-25 03:43:31'),
(8,	'02170725155710',	4,	-1,	'2017-08-02 03:16:09',	'2017-07-25 08:57:12',	'2017-07-25 08:57:12'),
(9,	'02170725160712',	1,	-125000,	'2017-08-02 03:16:09',	'2017-07-25 09:07:31',	'2017-07-25 09:07:31'),
(10,	'02170731101218',	1,	-375000,	'2017-08-02 03:16:09',	'2017-07-31 03:12:46',	'2017-07-31 03:12:46'),
(11,	'02170802102221',	1,	-50000,	'2017-08-02 03:22:27',	'2017-08-02 03:22:27',	'2017-08-02 03:22:27'),
(12,	'02170802102522',	1,	-25000,	'2017-08-02 03:25:48',	'2017-08-02 03:25:48',	'2017-08-02 03:25:48'),
(13,	'02170802133123',	1,	-225000,	'2017-08-02 06:31:38',	'2017-08-02 06:31:38',	'2017-08-02 06:31:38'),
(14,	'04170802134224',	2,	-75000,	'2017-08-09 16:59:59',	'2017-08-02 06:42:38',	'2017-08-02 06:42:38'),
(15,	'02170803142325',	2,	-400000,	'2017-08-03 16:59:59',	'2017-08-03 07:23:25',	'2017-08-03 07:23:25'),
(16,	'02170803143127',	2,	-9000,	'2017-08-03 16:59:59',	'2017-08-03 07:31:05',	'2017-08-03 07:31:05'),
(18,	'04170803155042',	6,	-88000,	'2017-08-10 16:59:59',	'2017-08-03 08:50:31',	'2017-08-03 08:50:31'),
(19,	'0120171106151037',	1,	-97500,	'2017-11-13 16:59:59',	'2017-11-06 08:10:47',	'2017-11-06 08:10:47'),
(20,	'01201711714479',	2,	-85000,	'2017-11-15 06:59:59',	'2017-11-07 21:47:59',	'2017-11-07 21:47:59'),
(21,	'012017117145425',	2,	-7500,	'2017-11-15 06:59:59',	'2017-11-07 21:54:43',	'2017-11-07 21:54:43'),
(22,	'012017117145659',	2,	-45000,	'2017-11-15 06:59:59',	'2017-11-07 21:57:28',	'2017-11-07 21:57:28'),
(23,	'012017117145915',	0,	-165000,	'2017-11-15 06:59:59',	'2017-11-07 21:59:23',	'2017-11-07 21:59:23'),
(24,	'01201711715248',	0,	-97500,	'2017-11-15 06:59:59',	'2017-11-07 22:02:54',	'2017-11-07 22:02:54'),
(25,	'012017119103717',	1,	-195000,	'2017-11-17 06:59:59',	'2017-11-09 17:37:48',	'2017-11-09 17:37:48'),
(26,	'0120171114141018',	1,	-38000,	'2017-11-21 16:59:59',	'2017-11-14 08:06:59',	'2017-11-14 08:06:59');

DROP TABLE IF EXISTS `deposits`;
CREATE TABLE `deposits` (
  `id` int(11) NOT NULL AUTO_INCREMENT,
  `customer_id` int(11) NOT NULL,
  `no_retur` varchar(25) NOT NULL DEFAULT '-',
  `deposit` bigint(20) NOT NULL,
  `note` text DEFAULT NULL,
  `created_at` timestamp NULL DEFAULT current_timestamp(),
  `updated_at` timestamp NULL DEFAULT NULL,
  PRIMARY KEY (`id`)
) ENGINE=InnoDB DEFAULT CHARSET=latin1;

INSERT INTO `deposits` (`id`, `customer_id`, `no_retur`, `deposit`, `note`, `created_at`, `updated_at`) VALUES
(1,	1,	'RTR-021708111558003',	35000,	'-',	'2017-08-11 08:58:27',	'2017-08-11 08:58:27'),
(2,	6,	'RTR-041708151322008',	350000,	'Retur Produk Sweater 3Second (swth-002), Customer : Firman (C1707210006), nomor retur : RTR-041708151322008',	'2017-08-15 06:22:18',	'2017-08-15 06:22:18'),
(3,	1,	'RTR-021708181623009',	125000,	'Retur Produk Cardigan (crd-002), Customer : Fahmi Abdurahman (C1706080001), nomor retur : RTR-021708181623009',	'2017-08-18 09:23:47',	'2017-08-18 09:23:47'),
(4,	3,	'RTR-021709291417015',	75000,	'Retur Produk Sweater (swt-01), Customer : Pelanggan (C1707180003), nomor retur : RTR-021709291417015',	'2017-09-29 07:17:48',	'2017-09-29 07:17:48');

DROP TABLE IF EXISTS `discounts`;
CREATE TABLE `discounts` (
  `id` int(11) NOT NULL AUTO_INCREMENT,
  `no_ref` varchar(20) NOT NULL,
  `type` varchar(20) NOT NULL,
  `model_id` int(11) NOT NULL,
  `qty` int(11) NOT NULL,
  `discount` bigint(20) NOT NULL,
  `created_at` timestamp NULL DEFAULT current_timestamp(),
  `updated_at` timestamp NULL DEFAULT NULL,
  PRIMARY KEY (`id`)
) ENGINE=InnoDB DEFAULT CHARSET=latin1;

INSERT INTO `discounts` (`id`, `no_ref`, `type`, `model_id`, `qty`, `discount`, `created_at`, `updated_at`) VALUES
(1,	'',	'3',	10,	0,	7500,	'2017-08-03 07:52:40',	'2017-08-03 07:52:40'),
(2,	'',	'3',	8,	0,	5000,	'2017-08-03 07:52:40',	'2017-08-03 07:52:40'),
(3,	'04170803150441',	'1',	0,	1,	10,	'2017-08-03 08:04:29',	'2017-08-03 08:04:29'),
(4,	'04170803150441',	'3',	10,	10,	15000,	'2017-08-03 08:04:30',	'2017-08-03 08:04:30'),
(5,	'04170803155042',	'1',	0,	1,	5,	'2017-08-03 08:50:30',	'2017-08-03 08:50:30'),
(6,	'04170804153145',	'1',	0,	1,	10,	'2017-08-04 08:31:23',	'2017-08-04 08:31:23'),
(7,	'04170804153145',	'3',	12,	3,	9000,	'2017-08-04 08:31:23',	'2017-08-04 08:31:23'),
(8,	'04170804153145',	'3',	10,	2,	11000,	'2017-08-04 08:31:23',	'2017-08-04 08:31:23'),
(9,	'04170804161543',	'2',	0,	1,	25000,	'2017-08-04 09:15:00',	'2017-08-04 09:15:00'),
(10,	'02170804161844',	'1',	0,	1,	10,	'2017-08-04 09:18:35',	'2017-08-04 09:18:35'),
(11,	'04170808142744',	'3',	8,	1,	2000,	'2017-08-08 07:27:24',	'2017-08-08 07:27:24'),
(12,	'04170808142744',	'3',	10,	1,	1000,	'2017-08-08 07:27:24',	'2017-08-08 07:27:24'),
(13,	'02170822140950',	'1',	0,	1,	10,	'2017-08-22 07:09:15',	'2017-08-22 07:09:15'),
(14,	'02170822152656',	'4',	13,	3,	4500,	'2017-08-22 08:26:23',	'2017-08-22 08:26:23'),
(15,	'02170822152656',	'4',	11,	2,	3000,	'2017-08-22 08:26:23',	'2017-08-22 08:26:23'),
(16,	'04170822161457',	'2',	0,	1,	2000,	'2017-08-22 09:14:59',	'2017-08-22 09:14:59'),
(17,	'04170822161457',	'4',	12,	3,	3000,	'2017-08-22 09:14:59',	'2017-08-22 09:14:59'),
(18,	'02170823105158',	'2',	0,	1,	2500,	'2017-08-23 03:51:18',	'2017-08-23 03:51:18'),
(19,	'02170906154247',	'1',	0,	1,	10,	'2017-09-06 08:42:02',	'2017-09-06 08:42:02'),
(20,	'02170906154247',	'2',	0,	1,	500,	'2017-09-06 08:42:02',	'2017-09-06 08:42:02'),
(21,	'02170912101048',	'2',	0,	1,	2500,	'2017-09-12 03:10:58',	'2017-09-12 03:10:58'),
(22,	'0120171019135204',	'1',	0,	1,	5,	'2017-10-19 06:53:26',	'2017-10-19 06:53:26'),
(23,	'0120171019135204',	'2',	0,	1,	250,	'2017-10-19 06:53:26',	'2017-10-19 06:53:26'),
(24,	'0120171114141018',	'1',	0,	1,	10,	'2017-11-14 08:06:59',	'2017-11-14 08:06:59'),
(25,	'0120171114141018',	'2',	0,	1,	750,	'2017-11-14 08:06:59',	'2017-11-14 08:06:59');

DROP TABLE IF EXISTS `expense_konveksi`;
CREATE TABLE `expense_konveksi` (
  `id` int(11) NOT NULL AUTO_INCREMENT,
  `name` varchar(20) NOT NULL,
  `created_at` timestamp NULL DEFAULT current_timestamp(),
  `updated_at` timestamp NULL DEFAULT NULL,
  PRIMARY KEY (`id`)
) ENGINE=InnoDB DEFAULT CHARSET=latin1;

INSERT INTO `expense_konveksi` (`id`, `name`, `created_at`, `updated_at`) VALUES
(1,	'DLL',	'2017-06-07 19:51:13',	'2017-06-07 19:51:13'),
(2,	'Gaji',	'2017-06-07 19:51:19',	'2017-06-07 19:51:19'),
(3,	'Invest',	'2017-06-07 19:51:25',	'2017-06-07 19:51:25');

DROP TABLE IF EXISTS `expense_toko`;
CREATE TABLE `expense_toko` (
  `id` int(11) NOT NULL AUTO_INCREMENT,
  `name` varchar(20) NOT NULL,
  `category` varchar(20) NOT NULL,
  `created_at` timestamp NULL DEFAULT current_timestamp(),
  `updated_at` timestamp NULL DEFAULT NULL,
  PRIMARY KEY (`id`)
) ENGINE=InnoDB DEFAULT CHARSET=latin1;

INSERT INTO `expense_toko` (`id`, `name`, `category`, `created_at`, `updated_at`) VALUES
(1,	'Chandra',	'gaji',	'2017-06-07 20:02:54',	'2017-06-07 20:02:54'),
(2,	'Hendri',	'gaji',	'2017-06-07 20:03:03',	'2017-06-07 20:03:03'),
(3,	'Listrik',	'utilities',	'2017-06-07 20:03:11',	'2017-06-07 20:03:11');

DROP TABLE IF EXISTS `modal_pcs`;
CREATE TABLE `modal_pcs` (
  `id` int(11) NOT NULL AUTO_INCREMENT,
  `tanggal` varchar(20) NOT NULL,
  `created_at` timestamp NULL DEFAULT current_timestamp(),
  `updated_at` timestamp NULL DEFAULT NULL,
  PRIMARY KEY (`id`)
) ENGINE=InnoDB DEFAULT CHARSET=latin1;

INSERT INTO `modal_pcs` (`id`, `tanggal`, `created_at`, `updated_at`) VALUES
(1,	'2017-09-05 15:58:35',	'2017-09-05 08:58:35',	'0000-00-00 00:00:00');

DROP TABLE IF EXISTS `modal_pcs_bahan`;
CREATE TABLE `modal_pcs_bahan` (
  `id` int(11) NOT NULL AUTO_INCREMENT,
  `modal_pcs_id` int(11) NOT NULL,
  `stock_bahan_detail_id` int(11) NOT NULL,
  `created_at` timestamp NULL DEFAULT current_timestamp(),
  `updated_at` timestamp NULL DEFAULT NULL,
  PRIMARY KEY (`id`)
) ENGINE=InnoDB DEFAULT CHARSET=latin1;

INSERT INTO `modal_pcs_bahan` (`id`, `modal_pcs_id`, `stock_bahan_detail_id`, `created_at`, `updated_at`) VALUES
(1,	1,	8,	'2017-09-05 08:58:35',	'2017-09-05 08:58:35'),
(2,	1,	7,	'2017-09-05 08:58:35',	'2017-09-05 08:58:35'),
(3,	1,	6,	'2017-09-05 08:58:35',	'2017-09-05 08:58:35');

DROP TABLE IF EXISTS `modal_pcs_model`;
CREATE TABLE `modal_pcs_model` (
  `id` int(11) NOT NULL AUTO_INCREMENT,
  `modal_pcs_id` int(11) NOT NULL,
  `model_id` int(11) NOT NULL,
  `qty` int(11) NOT NULL,
  `keterangan` varchar(255) NOT NULL,
  `created_at` timestamp NULL DEFAULT current_timestamp(),
  `updated_at` timestamp NULL DEFAULT NULL,
  PRIMARY KEY (`id`)
) ENGINE=InnoDB DEFAULT CHARSET=latin1;

INSERT INTO `modal_pcs_model` (`id`, `modal_pcs_id`, `model_id`, `qty`, `keterangan`, `created_at`, `updated_at`) VALUES
(1,	1,	1,	50,	'Kemeja flanel',	'2017-09-05 08:58:35',	'2017-09-05 08:58:35');

DROP TABLE IF EXISTS `models`;
CREATE TABLE `models` (
  `id` int(11) NOT NULL AUTO_INCREMENT,
  `name` varchar(50) NOT NULL,
  `model_name` varchar(50) NOT NULL,
  `category` varchar(50) NOT NULL,
  `image` varchar(50) NOT NULL,
  `info` text NOT NULL,
  `total_cost` bigint(20) NOT NULL,
  `price` bigint(20) NOT NULL,
  `diff` bigint(20) NOT NULL,
  `created_at` timestamp NULL DEFAULT current_timestamp(),
  `updated_at` timestamp NULL DEFAULT NULL,
  PRIMARY KEY (`id`),
  UNIQUE KEY `model_name_category` (`model_name`,`category`)
) ENGINE=InnoDB DEFAULT CHARSET=latin1;

INSERT INTO `models` (`id`, `name`, `model_name`, `category`, `image`, `info`, `total_cost`, `price`, `diff`, `created_at`, `updated_at`) VALUES
(1,	'Kemeja Lengan Panjang',	'kmj-01',	'Default',	'45679.jpg',	'-',	34000,	50000,	16000,	'2017-08-18 06:52:40',	'2017-11-20 08:06:04'),
(2,	'Kemeja Lengan Pendek',	'kmj-02',	'Default',	'36760.jpg',	'-',	24000,	35000,	11000,	'2017-08-18 06:52:40',	'2017-07-11 07:30:14'),
(3,	'T-Shirt Polos',	'tsh-01',	'Default',	'34051.jpg',	'-',	15000,	25000,	10000,	'2017-08-18 06:52:40',	'2017-07-11 07:30:31'),
(4,	'Celana Jeans',	'clj-01',	'Default',	'47439.jpg',	'-',	65000,	100000,	35000,	'2017-08-18 06:52:40',	'2017-07-11 07:30:44'),
(5,	'Sweater',	'swt-01',	'Default',	'22041.jpg',	'-',	55000,	75000,	20000,	'2017-08-18 06:52:40',	'2017-07-11 07:30:53'),
(6,	'Long Sleeve',	'ls-001',	'Default',	'13371.jpg',	'-',	40000,	75000,	35000,	'2017-08-18 06:52:40',	'2017-07-11 08:29:08'),
(7,	'Celana Training',	'tra-01',	'Default',	'68576.jpg',	'-',	35000,	50000,	15000,	'2017-08-18 06:52:40',	'2017-07-11 08:34:50'),
(8,	'Sweater 3Second',	'swth-002',	'Default',	'23453.jpg',	'-',	91000,	175000,	84000,	'2017-08-18 06:52:40',	'2017-07-15 03:22:27'),
(9,	'Cardigan',	'crd-002',	'Default',	'95985.jpg',	'-',	57000,	125000,	68000,	'2017-08-18 06:52:40',	'2017-07-15 03:35:39'),
(10,	'Hoodie 3Second',	'hod-003',	'Default',	'48702.jpg',	'-',	86000,	165000,	79000,	'2017-08-18 06:52:40',	'2017-07-15 03:37:12'),
(11,	'T-Shirt Cressida',	'tshi-002',	'Default',	'85136.jpg',	'-',	49000,	100000,	51000,	'2017-08-18 06:52:40',	'2017-07-15 03:38:32'),
(12,	'Kemeja Carvil',	'carv-003',	'Default',	'22016.jpg',	'-',	55000,	115000,	60000,	'2017-08-18 06:52:40',	'2017-07-15 03:40:18'),
(13,	'Jaket Kulit',	'jckt-klt-001',	'Jaket',	'62753.jpg',	'-',	64000,	97500,	33500,	'2017-08-18 08:10:02',	'2017-08-18 08:10:02'),
(14,	'Jaket Parasut',	'jckt-prs-001',	'Ukuran M',	'65242.jpg',	'-',	50000,	93000,	43000,	'2017-09-18 02:33:00',	'2017-09-18 02:33:00'),
(15,	'Kemeja Casual',	'kmj-c-01',	'Warna Putih',	'27641.jpg',	'-',	85000,	135000,	50000,	'2017-10-02 03:57:07',	'2017-10-02 03:57:07'),
(16,	'Produk',	'prd-007',	'-',	'71615.jpg',	'Produk Baru Nih',	50000,	70000,	20000,	'2017-10-12 03:29:27',	'2017-10-12 03:29:27'),
(18,	'Rok Batik',	'rok-01',	'Bawahan',	'38041.jpg',	'Rok Batik',	50000,	65000,	15000,	'2017-11-16 08:19:16',	'2017-11-16 08:19:16'),
(21,	'Kemeja Lengan Pendek',	'kmj-02',	'Size M',	'77666.jpg',	'Test',	24000,	35000,	11000,	'2017-11-17 03:12:19',	'2017-11-17 03:12:45');

DROP TABLE IF EXISTS `models_cost`;
CREATE TABLE `models_cost` (
  `id` int(11) NOT NULL AUTO_INCREMENT,
  `model_id` int(11) NOT NULL,
  `cost_id` int(11) NOT NULL,
  `costs` bigint(20) NOT NULL,
  `created_at` timestamp NULL DEFAULT current_timestamp(),
  `updated_at` timestamp NULL DEFAULT NULL,
  PRIMARY KEY (`id`)
) ENGINE=InnoDB DEFAULT CHARSET=latin1;

INSERT INTO `models_cost` (`id`, `model_id`, `cost_id`, `costs`, `created_at`, `updated_at`) VALUES
(1,	1,	1,	3000,	'2017-07-11 07:29:49',	'2017-07-11 07:29:49'),
(2,	1,	2,	5000,	'2017-07-11 07:29:49',	'2017-07-11 07:29:49'),
(3,	1,	3,	3000,	'2017-07-11 07:29:49',	'2017-07-11 07:29:49'),
(4,	1,	4,	3000,	'2017-07-11 07:29:49',	'2017-07-11 07:29:49'),
(5,	2,	1,	2000,	'2017-07-11 07:30:14',	'2017-07-11 07:30:14'),
(6,	2,	2,	3000,	'2017-07-11 07:30:14',	'2017-07-11 07:30:14'),
(7,	2,	3,	2000,	'2017-07-11 07:30:14',	'2017-07-11 07:30:14'),
(8,	2,	4,	2000,	'2017-07-11 07:30:14',	'2017-07-11 07:30:14'),
(9,	3,	1,	2500,	'2017-07-11 06:55:42',	'2017-07-11 06:55:42'),
(10,	3,	2,	0,	'2017-07-11 06:55:42',	'2017-07-11 06:55:42'),
(11,	3,	3,	0,	'2017-07-11 06:55:42',	'2017-07-11 06:55:42'),
(12,	3,	4,	2500,	'2017-07-11 06:55:43',	'2017-07-11 06:55:43'),
(13,	4,	1,	10000,	'2017-07-11 06:56:31',	'2017-07-11 06:56:31'),
(14,	4,	2,	5000,	'2017-07-11 06:56:31',	'2017-07-11 06:56:31'),
(15,	4,	3,	10000,	'2017-07-11 06:56:32',	'2017-07-11 06:56:32'),
(16,	4,	4,	10000,	'2017-07-11 06:56:32',	'2017-07-11 06:56:32'),
(17,	5,	1,	10000,	'2017-07-11 06:57:17',	'2017-07-11 06:57:17'),
(18,	5,	2,	5000,	'2017-07-11 06:57:17',	'2017-07-11 06:57:17'),
(19,	5,	3,	10000,	'2017-07-11 06:57:17',	'2017-07-11 06:57:17'),
(20,	5,	4,	5000,	'2017-07-11 06:57:17',	'2017-07-11 06:57:17'),
(21,	1,	5,	20000,	'2017-07-11 07:28:08',	'2017-07-11 07:28:08'),
(22,	2,	5,	15000,	'2017-07-11 07:30:14',	'2017-07-11 07:30:14'),
(23,	3,	5,	10000,	'2017-07-11 07:30:31',	'2017-07-11 07:30:31'),
(24,	4,	5,	30000,	'2017-07-11 07:30:44',	'2017-07-11 07:30:44'),
(25,	5,	5,	25000,	'2017-07-11 07:30:53',	'2017-07-11 07:30:53'),
(26,	6,	1,	5000,	'2017-07-11 08:29:08',	'2017-07-11 08:29:08'),
(27,	6,	2,	0,	'2017-07-11 08:29:08',	'2017-07-11 08:29:08'),
(28,	6,	3,	5000,	'2017-07-11 08:29:08',	'2017-07-11 08:29:08'),
(29,	6,	4,	5000,	'2017-07-11 08:29:08',	'2017-07-11 08:29:08'),
(30,	6,	5,	25000,	'2017-07-11 08:29:08',	'2017-07-11 08:29:08'),
(31,	7,	1,	5000,	'2017-07-11 08:34:50',	'2017-07-11 08:34:50'),
(32,	7,	2,	0,	'2017-07-11 08:34:50',	'2017-07-11 08:34:50'),
(33,	7,	3,	5000,	'2017-07-11 08:34:50',	'2017-07-11 08:34:50'),
(34,	7,	4,	5000,	'2017-07-11 08:34:50',	'2017-07-11 08:34:50'),
(35,	7,	5,	20000,	'2017-07-11 08:34:50',	'2017-07-11 08:34:50'),
(36,	8,	1,	8000,	'2017-07-15 03:22:27',	'2017-07-15 03:22:27'),
(37,	8,	2,	7000,	'2017-07-15 03:22:27',	'2017-07-15 03:22:27'),
(38,	8,	3,	6000,	'2017-07-15 03:22:27',	'2017-07-15 03:22:27'),
(39,	8,	4,	5000,	'2017-07-15 03:22:27',	'2017-07-15 03:22:27'),
(40,	8,	5,	65000,	'2017-07-15 03:22:27',	'2017-07-15 03:22:27'),
(41,	9,	1,	4000,	'2017-07-15 03:35:39',	'2017-07-15 03:35:39'),
(42,	9,	2,	5000,	'2017-07-15 03:35:39',	'2017-07-15 03:35:39'),
(43,	9,	3,	6000,	'2017-07-15 03:35:39',	'2017-07-15 03:35:39'),
(44,	9,	4,	7000,	'2017-07-15 03:35:39',	'2017-07-15 03:35:39'),
(45,	9,	5,	35000,	'2017-07-15 03:35:39',	'2017-07-15 03:35:39'),
(46,	10,	1,	7000,	'2017-07-15 03:37:12',	'2017-07-15 03:37:12'),
(47,	10,	2,	7000,	'2017-07-15 03:37:12',	'2017-07-15 03:37:12'),
(48,	10,	3,	6000,	'2017-07-15 03:37:12',	'2017-07-15 03:37:12'),
(49,	10,	4,	6000,	'2017-07-15 03:37:12',	'2017-07-15 03:37:12'),
(50,	10,	5,	60000,	'2017-07-15 03:37:12',	'2017-07-15 03:37:12'),
(51,	11,	1,	4500,	'2017-07-15 03:38:32',	'2017-07-15 03:38:32'),
(52,	11,	2,	4500,	'2017-07-15 03:38:32',	'2017-07-15 03:38:32'),
(53,	11,	3,	5000,	'2017-07-15 03:38:32',	'2017-07-15 03:38:32'),
(54,	11,	4,	5000,	'2017-07-15 03:38:32',	'2017-07-15 03:38:32'),
(55,	11,	5,	30000,	'2017-07-15 03:38:32',	'2017-07-15 03:38:32'),
(56,	12,	1,	5000,	'2017-07-15 03:40:18',	'2017-07-15 03:40:18'),
(57,	12,	2,	5000,	'2017-07-15 03:40:18',	'2017-07-15 03:40:18'),
(58,	12,	3,	5000,	'2017-07-15 03:40:18',	'2017-07-15 03:40:18'),
(59,	12,	4,	5000,	'2017-07-15 03:40:18',	'2017-07-15 03:40:18'),
(60,	12,	5,	35000,	'2017-07-15 03:40:18',	'2017-07-15 03:40:18'),
(66,	13,	1,	8000,	'2017-08-18 08:07:01',	'2017-08-18 08:07:01'),
(67,	13,	2,	5000,	'2017-08-18 08:07:19',	'2017-08-18 08:07:19'),
(68,	13,	3,	6000,	'2017-08-18 08:07:19',	'2017-08-18 08:07:19'),
(69,	13,	4,	5000,	'2017-08-18 08:07:19',	'2017-08-18 08:07:19'),
(70,	13,	5,	40000,	'2017-08-18 08:07:19',	'2017-08-18 08:07:19'),
(71,	21,	1,	0,	'2017-11-17 03:12:45',	'2017-11-17 03:12:45'),
(72,	21,	2,	0,	'2017-11-17 03:12:45',	'2017-11-17 03:12:45'),
(73,	21,	3,	0,	'2017-11-17 03:12:45',	'2017-11-17 03:12:45'),
(74,	21,	4,	0,	'2017-11-17 03:12:45',	'2017-11-17 03:12:45'),
(75,	21,	5,	0,	'2017-11-17 03:12:45',	'2017-11-17 03:12:45');

DROP TABLE IF EXISTS `notifications`;
CREATE TABLE `notifications` (
  `id` int(11) NOT NULL AUTO_INCREMENT,
  `title` varchar(255) NOT NULL,
  `isread` varchar(255) NOT NULL,
  `created_at` timestamp NULL DEFAULT current_timestamp(),
  `updated_at` timestamp NULL DEFAULT NULL,
  PRIMARY KEY (`id`)
) ENGINE=InnoDB DEFAULT CHARSET=latin1;

INSERT INTO `notifications` (`id`, `title`, `isread`, `created_at`, `updated_at`) VALUES
(1,	'Stock Barang Per 28/08/2017 15:52:37',	'1',	'2017-08-28 08:52:37',	'0000-00-00 00:00:00'),
(2,	'Stock Barang Per 29/08/2017 10:34:18',	'1',	'2017-08-29 04:24:10',	'2017-08-29 04:24:10'),
(3,	'Stock Barang Per 29/08/2017 11:24:26',	'1',	'2017-08-29 04:24:31',	'2017-08-29 04:24:31');

DROP TABLE IF EXISTS `notification_details`;
CREATE TABLE `notification_details` (
  `id` int(11) NOT NULL AUTO_INCREMENT,
  `notif_id` int(11) NOT NULL,
  `model_id` int(11) NOT NULL,
  `shop_id` int(11) NOT NULL,
  `qty` int(11) NOT NULL,
  `created_at` timestamp NULL DEFAULT current_timestamp(),
  `updated_at` timestamp NULL DEFAULT NULL,
  PRIMARY KEY (`id`)
) ENGINE=InnoDB DEFAULT CHARSET=latin1;

INSERT INTO `notification_details` (`id`, `notif_id`, `model_id`, `shop_id`, `qty`, `created_at`, `updated_at`) VALUES
(1,	1,	4,	4,	9,	'2017-08-28 08:52:37',	'2017-08-28 08:52:37'),
(2,	1,	4,	2,	1,	'2017-08-28 08:52:37',	'2017-08-28 08:52:37'),
(3,	1,	6,	2,	9,	'2017-08-28 08:52:37',	'2017-08-28 08:52:37'),
(4,	1,	8,	4,	4,	'2017-08-28 08:52:37',	'2017-08-28 08:52:37'),
(5,	1,	9,	2,	0,	'2017-08-28 08:52:37',	'2017-08-28 08:52:37'),
(6,	1,	11,	2,	6,	'2017-08-28 08:52:37',	'2017-08-28 08:52:37'),
(7,	2,	4,	4,	9,	'2017-08-29 03:34:18',	'2017-08-29 03:34:18'),
(8,	2,	4,	2,	1,	'2017-08-29 03:34:18',	'2017-08-29 03:34:18'),
(9,	2,	6,	2,	9,	'2017-08-29 03:34:18',	'2017-08-29 03:34:18'),
(10,	2,	8,	4,	4,	'2017-08-29 03:34:18',	'2017-08-29 03:34:18'),
(11,	2,	9,	2,	0,	'2017-08-29 03:34:18',	'2017-08-29 03:34:18'),
(12,	2,	11,	2,	6,	'2017-08-29 03:34:18',	'2017-08-29 03:34:18'),
(13,	3,	4,	4,	9,	'2017-08-29 04:24:26',	'2017-08-29 04:24:26'),
(14,	3,	4,	2,	1,	'2017-08-29 04:24:26',	'2017-08-29 04:24:26'),
(15,	3,	6,	2,	9,	'2017-08-29 04:24:26',	'2017-08-29 04:24:26'),
(16,	3,	8,	4,	4,	'2017-08-29 04:24:26',	'2017-08-29 04:24:26'),
(17,	3,	9,	2,	0,	'2017-08-29 04:24:26',	'2017-08-29 04:24:26'),
(18,	3,	11,	2,	6,	'2017-08-29 04:24:26',	'2017-08-29 04:24:26');

DROP TABLE IF EXISTS `operationals`;
CREATE TABLE `operationals` (
  `id` int(11) NOT NULL AUTO_INCREMENT,
  `name` varchar(50) NOT NULL,
  `created_at` timestamp NULL DEFAULT current_timestamp(),
  `updated_at` timestamp NULL DEFAULT NULL,
  PRIMARY KEY (`id`)
) ENGINE=InnoDB DEFAULT CHARSET=latin1;

INSERT INTO `operationals` (`id`, `name`, `created_at`, `updated_at`) VALUES
(1,	'Listrik',	'2017-07-28 08:56:29',	'2017-07-28 08:56:29'),
(2,	'Gaji',	'2017-08-01 03:51:11',	'2017-08-01 03:51:11'),
(3,	'Internet',	'2017-08-01 03:51:21',	'2017-08-01 03:51:21'),
(4,	'Air',	'2017-08-01 03:51:31',	'2017-08-01 03:51:31');

DROP TABLE IF EXISTS `operational_costs`;
CREATE TABLE `operational_costs` (
  `id` int(11) NOT NULL AUTO_INCREMENT,
  `shop_id` int(11) NOT NULL,
  `label` varchar(30) NOT NULL,
  `cost` bigint(20) NOT NULL,
  `date` date DEFAULT NULL,
  `created_at` timestamp NULL DEFAULT current_timestamp(),
  `updated_at` timestamp NULL DEFAULT NULL,
  PRIMARY KEY (`id`)
) ENGINE=InnoDB DEFAULT CHARSET=latin1;

INSERT INTO `operational_costs` (`id`, `shop_id`, `label`, `cost`, `date`, `created_at`, `updated_at`) VALUES
(4,	4,	'Gaji',	5000000,	'2017-09-13',	'2017-09-13 09:23:11',	'2017-09-13 09:23:11'),
(5,	4,	'Listrik',	500000,	'2017-09-13',	'2017-09-13 09:23:12',	'2017-09-13 09:23:12'),
(6,	4,	'Air',	300000,	'2017-09-13',	'2017-09-13 09:23:12',	'2017-09-13 09:23:12'),
(11,	2,	'Test',	100000,	'2017-11-14',	'2017-11-14 03:13:41',	'2017-11-14 03:13:41'),
(12,	2,	'test lagi',	150000,	'2017-11-14',	'2017-11-14 03:16:08',	'2017-11-14 03:16:08');

DROP TABLE IF EXISTS `orders`;
CREATE TABLE `orders` (
  `id` int(11) NOT NULL AUTO_INCREMENT,
  `po_number` varchar(50) NOT NULL,
  `supplier_id` int(11) NOT NULL,
  `shipping_id` int(11) NOT NULL,
  `shipping_type` varchar(20) NOT NULL,
  `payment_type` int(11) NOT NULL,
  `total` bigint(20) NOT NULL,
  `status` enum('0','1','2') NOT NULL DEFAULT '0',
  `dates` datetime NOT NULL,
  `created_at` timestamp NULL DEFAULT current_timestamp(),
  `updated_at` timestamp NULL DEFAULT NULL,
  PRIMARY KEY (`id`),
  UNIQUE KEY `po_number` (`po_number`)
) ENGINE=InnoDB DEFAULT CHARSET=latin1;

INSERT INTO `orders` (`id`, `po_number`, `supplier_id`, `shipping_id`, `shipping_type`, `payment_type`, `total`, `status`, `dates`, `created_at`, `updated_at`) VALUES
(3,	'PO-0987654321',	1,	0,	'pickup',	2,	3067500,	'2',	'2017-09-11 09:35:53',	'2017-09-11 02:35:53',	'2017-10-18 02:53:22'),
(4,	'PO-995436437',	1,	3,	'kirim',	1,	17750000,	'1',	'2017-09-08 14:02:01',	'2017-09-08 07:02:01',	'0000-00-00 00:00:00'),
(5,	'PO-0843573',	2,	1,	'kirim',	1,	13500000,	'2',	'2017-09-11 15:03:41',	'2017-09-11 08:03:41',	'2017-10-02 09:22:47'),
(6,	'PO-0084343',	2,	1,	'kirim',	1,	11502500,	'1',	'2017-09-12 14:24:55',	'2017-09-12 07:24:55',	'2017-10-02 06:54:32'),
(7,	'PO-20171109095357',	2,	0,	'pickup',	2,	360000,	'0',	'2017-11-09 09:54:13',	'2017-11-09 02:54:13',	'2017-11-10 17:03:05'),
(8,	'PO-20171109142134',	1,	0,	'pickup',	2,	650000,	'0',	'2017-11-09 14:21:50',	'2017-11-09 07:21:50',	'2017-11-09 21:25:37');

DROP TABLE IF EXISTS `order_delivery`;
CREATE TABLE `order_delivery` (
  `id` int(11) NOT NULL AUTO_INCREMENT,
  `order_id` int(11) NOT NULL,
  `do_number` varchar(25) NOT NULL,
  `created_at` timestamp NULL DEFAULT current_timestamp(),
  `updated_at` timestamp NULL DEFAULT NULL,
  PRIMARY KEY (`id`),
  UNIQUE KEY `do_number` (`do_number`)
) ENGINE=InnoDB DEFAULT CHARSET=latin1;

INSERT INTO `order_delivery` (`id`, `order_id`, `do_number`, `created_at`, `updated_at`) VALUES
(1,	3,	'DO-09876543211',	'2017-09-08 06:55:11',	'0000-00-00 00:00:00'),
(4,	3,	'DO-09536435',	'2017-09-08 07:57:51',	'0000-00-00 00:00:00'),
(5,	5,	'DO-0843573',	'2017-09-11 03:23:56',	'0000-00-00 00:00:00'),
(13,	5,	'DO-20171002142640',	'2017-10-02 07:26:40',	NULL),
(22,	3,	'DO-20171018095322',	'2017-10-18 02:53:22',	NULL),
(23,	4,	'DO-20171018093455',	'2017-10-26 04:53:10',	NULL),
(24,	3,	'DO-20171026134852',	'2017-10-26 06:48:52',	NULL);

DROP TABLE IF EXISTS `order_delivery_details`;
CREATE TABLE `order_delivery_details` (
  `id` int(11) NOT NULL AUTO_INCREMENT,
  `order_delivery_id` int(11) NOT NULL,
  `model_id` int(11) NOT NULL,
  `qty` int(11) NOT NULL,
  `retur` int(11) NOT NULL,
  `shop_id` int(11) NOT NULL,
  `created_at` timestamp NULL DEFAULT current_timestamp(),
  `updated_at` timestamp NULL DEFAULT NULL,
  PRIMARY KEY (`id`)
) ENGINE=InnoDB DEFAULT CHARSET=latin1;

INSERT INTO `order_delivery_details` (`id`, `order_delivery_id`, `model_id`, `qty`, `retur`, `shop_id`, `created_at`, `updated_at`) VALUES
(1,	1,	1,	5,	5,	2,	'2017-09-08 06:55:11',	'2017-09-08 06:55:11'),
(2,	1,	2,	5,	5,	2,	'2017-09-08 06:55:11',	'2017-09-08 06:55:11'),
(7,	4,	1,	20,	0,	4,	'2017-09-08 07:57:51',	'2017-09-08 07:57:51'),
(8,	4,	2,	15,	0,	2,	'2017-09-08 07:57:51',	'2017-09-08 07:57:51'),
(9,	5,	13,	25,	0,	2,	'2017-09-11 03:23:56',	'2017-09-11 03:23:56'),
(10,	5,	12,	25,	0,	2,	'2017-09-11 03:23:56',	'2017-09-11 03:23:56'),
(11,	13,	13,	25,	0,	3,	'2017-10-02 07:26:40',	'2017-10-02 07:26:40'),
(12,	13,	12,	25,	0,	3,	'2017-10-02 07:26:40',	'2017-10-02 07:26:40'),
(18,	22,	1,	5,	0,	4,	'2017-10-18 02:53:22',	'2017-10-18 02:53:22'),
(19,	23,	5,	1,	2,	2,	'2017-10-26 04:53:10',	'2017-10-26 04:53:10');

DROP TABLE IF EXISTS `order_details`;
CREATE TABLE `order_details` (
  `id` int(11) NOT NULL AUTO_INCREMENT,
  `order_id` int(11) NOT NULL,
  `model_id` int(11) NOT NULL,
  `qty` int(11) NOT NULL,
  `price` bigint(20) NOT NULL,
  `total` bigint(20) NOT NULL,
  `created_at` timestamp NULL DEFAULT current_timestamp(),
  `updated_at` timestamp NULL DEFAULT NULL,
  PRIMARY KEY (`id`)
) ENGINE=InnoDB DEFAULT CHARSET=latin1;

INSERT INTO `order_details` (`id`, `order_id`, `model_id`, `qty`, `price`, `total`, `created_at`, `updated_at`) VALUES
(3,	3,	1,	35,	55500,	1942500,	'2017-09-07 08:07:26',	'2017-09-07 08:07:26'),
(4,	3,	2,	25,	45000,	1125000,	'2017-09-07 08:07:26',	'2017-09-07 08:07:26'),
(5,	4,	5,	100,	135000,	13500000,	'2017-09-08 07:02:01',	'2017-09-08 07:02:01'),
(6,	4,	12,	50,	85000,	4250000,	'2017-09-08 07:02:01',	'2017-09-08 07:02:01'),
(7,	5,	13,	50,	150000,	7500000,	'2017-09-11 08:01:12',	'2017-09-11 08:01:12'),
(8,	5,	12,	50,	120000,	6000000,	'2017-09-11 02:47:06',	'2017-09-11 02:47:06'),
(9,	6,	11,	50,	115000,	5750000,	'2017-09-11 08:04:19',	'2017-09-11 08:04:19'),
(11,	6,	1,	100,	55000,	5500000,	'2017-09-11 08:14:29',	'2017-09-11 08:14:29'),
(12,	6,	2,	5,	50500,	252500,	'2017-09-18 02:56:21',	'2017-09-18 02:56:21'),
(14,	8,	4,	10,	65000,	650000,	'2017-11-09 21:21:50',	'2017-11-09 21:21:50');

DROP TABLE IF EXISTS `order_payments`;
CREATE TABLE `order_payments` (
  `id` int(11) NOT NULL AUTO_INCREMENT,
  `inv_number` varchar(30) NOT NULL,
  `order_id` int(11) NOT NULL,
  `total` int(11) NOT NULL,
  `created_at` timestamp NULL DEFAULT current_timestamp(),
  `updated_at` timestamp NULL DEFAULT NULL,
  PRIMARY KEY (`id`)
) ENGINE=InnoDB DEFAULT CHARSET=latin1;

INSERT INTO `order_payments` (`id`, `inv_number`, `order_id`, `total`, `created_at`, `updated_at`) VALUES
(1,	'INV-00132',	3,	500000,	'2017-09-07 08:49:31',	'2017-09-07 08:49:31'),
(2,	'INV-02321',	3,	1500000,	'2017-09-07 09:00:15',	'2017-09-07 09:00:15'),
(3,	'INV-04213',	3,	1067500,	'2017-09-07 09:00:20',	'2017-09-07 09:00:20'),
(4,	'INV-31313',	4,	10000000,	'2017-09-08 07:02:34',	'2017-09-08 07:02:34'),
(5,	'INV-04523',	5,	10000000,	'2017-09-11 02:48:14',	'2017-09-11 02:48:14'),
(6,	'INV-08323',	5,	750000,	'2017-09-11 02:48:22',	'2017-09-11 02:48:22'),
(10,	'INV-09865',	4,	7250000,	'2017-09-15 03:32:15',	'2017-09-15 03:32:15'),
(11,	'INV-20171111170156',	4,	200000,	'2017-11-12 00:01:58',	'2017-11-12 00:01:58');

DROP TABLE IF EXISTS `order_returs`;
CREATE TABLE `order_returs` (
  `id` int(11) NOT NULL AUTO_INCREMENT,
  `order_delivery_id` int(11) NOT NULL,
  `model_id` int(11) NOT NULL,
  `qty` int(11) NOT NULL,
  `created_at` timestamp NULL DEFAULT current_timestamp(),
  `updated_at` timestamp NULL DEFAULT NULL,
  PRIMARY KEY (`id`)
) ENGINE=InnoDB DEFAULT CHARSET=latin1;

INSERT INTO `order_returs` (`id`, `order_delivery_id`, `model_id`, `qty`, `created_at`, `updated_at`) VALUES
(1,	1,	1,	5,	'2017-09-08 06:55:11',	'2017-09-08 06:55:11'),
(2,	1,	2,	5,	'2017-09-08 06:55:11',	'2017-09-08 06:55:11');

DROP TABLE IF EXISTS `payments`;
CREATE TABLE `payments` (
  `id` int(11) NOT NULL AUTO_INCREMENT,
  `no_ref` varchar(20) NOT NULL,
  `customer_id` int(11) NOT NULL,
  `pm_id` int(11) NOT NULL,
  `pay` bigint(20) NOT NULL,
  `created_at` timestamp NULL DEFAULT current_timestamp(),
  `updated_at` timestamp NULL DEFAULT NULL,
  PRIMARY KEY (`id`),
  KEY `customer_id` (`customer_id`)
) ENGINE=InnoDB DEFAULT CHARSET=latin1;

INSERT INTO `payments` (`id`, `no_ref`, `customer_id`, `pm_id`, `pay`, `created_at`, `updated_at`) VALUES
(1,	'02170721140400',	1,	1,	1500000,	'2017-07-21 07:04:02',	'2017-07-21 07:04:02'),
(4,	'02170721140501',	2,	2,	399999,	'2017-07-21 07:05:33',	'2017-07-21 07:05:33'),
(5,	'04170721140602',	4,	1,	1050000,	'2017-07-21 07:06:15',	'2017-07-21 07:06:15'),
(7,	'02170721151403',	1,	1,	400000,	'2017-07-21 08:14:12',	'2017-07-21 08:14:12'),
(9,	'02170721151604',	4,	1,	1500000,	'2017-07-21 08:16:54',	'2017-07-21 08:16:54'),
(11,	'02170721151905',	1,	1,	50000,	'2017-07-21 08:19:06',	'2017-07-21 08:19:06'),
(13,	'02170721155106',	6,	1,	50000,	'2017-07-21 08:51:56',	'2017-07-21 08:51:56'),
(15,	'02170721155607',	2,	1,	15000,	'2017-07-21 08:56:52',	'2017-07-21 08:56:52'),
(17,	'02170721163008',	4,	1,	600000,	'2017-07-21 09:30:55',	'2017-07-21 09:30:55'),
(19,	'02170725104309',	6,	1,	150000,	'2017-07-25 03:43:31',	'2017-07-25 03:43:31'),
(21,	'02170725155710',	4,	1,	399999,	'2017-07-25 08:57:12',	'2017-07-25 08:57:12'),
(23,	'02170725160011',	6,	1,	100000,	'2017-07-25 09:00:02',	'2017-07-25 09:00:02'),
(25,	'02170725160712',	1,	1,	400000,	'2017-07-25 09:07:31',	'2017-07-25 09:07:31'),
(26,	'02170725160712',	1,	2,	100000,	'2017-07-25 09:07:31',	'2017-07-25 09:07:31'),
(27,	'021707260918014',	1,	1,	450000,	'2017-07-26 02:18:52',	'2017-07-26 02:18:52'),
(29,	'02170726095114',	2,	1,	125000,	'2017-07-26 02:51:54',	'2017-07-26 02:51:54'),
(31,	'02170726165015',	1,	1,	30000,	'2017-07-26 09:50:44',	'2017-07-26 09:50:44'),
(32,	'02170726165015',	1,	2,	20000,	'2017-07-26 09:50:44',	'2017-07-26 09:50:44'),
(33,	'02170726171316',	6,	1,	250000,	'2017-07-26 10:13:24',	'2017-07-26 10:13:24'),
(34,	'02170731100617',	1,	1,	100000,	'2017-07-31 03:06:50',	'2017-07-31 03:06:50'),
(35,	'02170731101218',	1,	1,	1000000,	'2017-07-31 03:12:46',	'2017-07-31 03:12:46'),
(36,	'02170731101218',	1,	2,	500000,	'2017-07-31 03:12:46',	'2017-07-31 03:12:46'),
(37,	'04170801153719',	4,	1,	175000,	'2017-08-01 08:37:49',	'2017-08-01 08:37:49'),
(38,	'04170801153820',	2,	1,	2000000,	'2017-08-01 08:38:25',	'2017-08-01 08:38:25'),
(39,	'04170801153820',	2,	2,	1150000,	'2017-08-01 08:38:25',	'2017-08-01 08:38:25'),
(40,	'02170802102221',	1,	1,	50000,	'2017-08-02 03:22:26',	'2017-08-02 03:22:26'),
(41,	'02170802102522',	1,	1,	75000,	'2017-08-02 03:25:48',	'2017-08-02 03:25:48'),
(42,	'04170802134224',	2,	1,	450000,	'2017-08-02 06:42:38',	'2017-08-02 06:42:38'),
(43,	'02170803142325',	2,	1,	1000000,	'2017-08-03 07:23:25',	'2017-08-03 07:23:25'),
(44,	'02170803142726',	3,	1,	100000,	'2017-08-03 07:27:54',	'2017-08-03 07:27:54'),
(45,	'02170803143127',	2,	1,	241000,	'2017-08-03 07:31:05',	'2017-08-03 07:31:05'),
(47,	'04170803155042',	6,	1,	500000,	'2017-08-03 08:50:30',	'2017-08-03 08:50:30'),
(48,	'04170803155042',	6,	2,	400000,	'2017-08-03 08:50:31',	'2017-08-03 08:50:31'),
(51,	'04170804110644',	1,	1,	100000,	'2017-08-04 04:06:20',	'2017-08-04 04:06:20'),
(52,	'04170804110644',	1,	2,	250000,	'2017-08-04 04:06:20',	'2017-08-04 04:06:20'),
(53,	'04170804153145',	1,	1,	587500,	'2017-08-04 08:31:23',	'2017-08-04 08:31:23'),
(54,	'04170804161543',	1,	1,	370000,	'2017-08-04 09:15:00',	'2017-08-04 09:15:00'),
(55,	'02170804161844',	1,	2,	346500,	'2017-08-04 09:18:35',	'2017-08-04 09:18:35'),
(56,	'02170804161945',	1,	1,	225000,	'2017-08-04 09:19:25',	'2017-08-04 09:19:25'),
(57,	'04170806230043',	1,	1,	175000,	'2017-08-06 16:00:15',	'2017-08-06 16:00:15'),
(58,	'04170803155042',	6,	0,	88000,	'2017-08-07 03:08:24',	'2017-08-07 03:08:24'),
(60,	'02170808142652',	1,	1,	135000,	'2017-08-08 07:26:01',	'2017-08-08 07:26:01'),
(61,	'04170808142744',	2,	1,	337000,	'2017-08-08 07:27:24',	'2017-08-08 07:27:24'),
(62,	'04170810103545',	6,	2,	350000,	'2017-08-10 03:35:13',	'2017-08-10 03:35:13'),
(63,	'02170818140346',	1,	1,	800000,	'2017-08-18 07:03:37',	'2017-08-18 07:03:37'),
(64,	'02170818154847',	1,	1,	100000,	'2017-08-18 08:48:33',	'2017-08-18 08:48:33'),
(65,	'02170818154847',	1,	2,	95000,	'2017-08-18 08:48:33',	'2017-08-18 08:48:33'),
(66,	'02170822102748',	0,	1,	225000,	'2017-08-22 03:27:36',	'2017-08-22 03:27:36'),
(67,	'02170822110549',	0,	1,	390000,	'2017-08-22 04:05:02',	'2017-08-22 04:05:02'),
(68,	'02170822140950',	1,	1,	175500,	'2017-08-22 07:09:15',	'2017-08-22 07:09:15'),
(69,	'02170822141151',	2,	1,	97500,	'2017-08-22 07:11:09',	'2017-08-22 07:11:09'),
(70,	'02170822141352',	6,	1,	100000,	'2017-08-22 07:13:56',	'2017-08-22 07:13:56'),
(71,	'02170822141653',	0,	2,	75000,	'2017-08-22 07:16:18',	'2017-08-22 07:16:18'),
(72,	'02170822141754',	0,	2,	75000,	'2017-08-22 07:17:07',	'2017-08-22 07:17:07'),
(73,	'INV-040822171421',	0,	1,	75000,	'2017-08-22 07:22:04',	'2017-08-22 07:22:04'),
(74,	'02170822152656',	0,	1,	485000,	'2017-08-22 08:26:23',	'2017-08-22 08:26:23'),
(75,	'04170822161457',	0,	1,	340000,	'2017-08-22 09:14:59',	'2017-08-22 09:14:59'),
(76,	'02170823105158',	0,	1,	290000,	'2017-08-23 03:51:18',	'2017-08-23 03:51:18'),
(77,	'02170725160712',	1,	0,	125000,	'2017-08-24 02:11:42',	'2017-08-24 02:11:42'),
(78,	'02170721140400',	0,	0,	625000,	'2017-08-24 02:47:15',	'2017-08-24 02:47:15'),
(79,	'02170721151403',	0,	0,	175000,	'2017-08-24 02:53:21',	'2017-08-24 02:53:21'),
(80,	'02170731101218',	0,	0,	375000,	'2017-08-24 03:25:08',	'2017-08-24 03:25:08'),
(81,	'02170802133123',	0,	0,	225000,	'2017-08-24 04:14:29',	'2017-08-24 04:14:29'),
(82,	'02170725155710',	0,	0,	1,	'2017-08-24 07:37:00',	'2017-08-24 07:37:00'),
(83,	'02170906154146',	0,	1,	390000,	'2017-09-06 08:41:27',	'2017-09-06 08:41:27'),
(84,	'02170906154247',	1,	1,	175000,	'2017-09-06 08:42:02',	'2017-09-06 08:42:02'),
(85,	'02170912101048',	0,	1,	980000,	'2017-09-12 03:10:58',	'2017-09-12 03:10:58'),
(86,	'02170914091549',	3,	1,	675000,	'2017-09-14 02:15:12',	'2017-09-14 02:15:12'),
(87,	'0120171004110046',	2,	1,	25000,	'2017-10-04 06:59:39',	'2017-10-04 06:59:39'),
(88,	'0120171004110046',	2,	2,	25000,	'2017-10-04 06:59:39',	'2017-10-04 06:59:39'),
(89,	'0120171019135204',	1,	1,	185000,	'2017-10-19 06:53:26',	'2017-10-19 06:53:26'),
(90,	'0',	1,	1,	50000,	'2017-10-19 09:09:13',	'2017-10-19 09:09:13'),
(91,	'0',	1,	1,	50000,	'2017-10-23 03:10:34',	'2017-10-23 03:10:34'),
(92,	'0120171023101125',	1,	1,	50000,	'2017-10-23 03:11:54',	'2017-10-23 03:11:54'),
(93,	'02170721151604',	4,	0,	100000,	'2017-10-24 08:02:39',	'2017-10-24 08:02:39'),
(94,	'02170721151604',	4,	0,	50000,	'2017-10-24 08:02:57',	'2017-10-24 08:02:57'),
(95,	'01201711714479',	2,	1,	500000,	'2017-11-07 21:47:59',	'2017-11-07 21:47:59'),
(96,	'012017117145425',	2,	1,	90000,	'2017-11-07 21:54:43',	'2017-11-07 21:54:43'),
(97,	'012017117145659',	2,	1,	450000,	'2017-11-07 21:57:28',	'2017-11-07 21:57:28'),
(98,	'012017119103829',	0,	2,	660000,	'2017-11-09 17:38:47',	'2017-11-09 17:38:47'),
(99,	'012017119104243',	0,	1,	195000,	'2017-11-09 17:42:55',	'2017-11-09 17:42:55'),
(100,	'0120171114141018',	1,	1,	400000,	'2017-11-14 08:06:59',	'2017-11-14 08:06:59');

DROP TABLE IF EXISTS `payment_method`;
CREATE TABLE `payment_method` (
  `id` int(11) NOT NULL AUTO_INCREMENT,
  `name` varchar(20) NOT NULL,
  `created_at` timestamp NULL DEFAULT current_timestamp(),
  `updated_at` timestamp NULL DEFAULT NULL,
  PRIMARY KEY (`id`)
) ENGINE=InnoDB DEFAULT CHARSET=latin1;

INSERT INTO `payment_method` (`id`, `name`, `created_at`, `updated_at`) VALUES
(1,	'Cash',	'2017-07-20 07:53:22',	'2017-07-20 07:53:22'),
(2,	'Debit',	'2017-07-20 07:53:29',	'2017-07-20 07:53:29');

DROP TABLE IF EXISTS `petty_cash`;
CREATE TABLE `petty_cash` (
  `id` int(11) NOT NULL AUTO_INCREMENT,
  `date` date NOT NULL,
  `type` enum('in','out') NOT NULL,
  `cost` bigint(20) NOT NULL,
  `description` text NOT NULL,
  `file` varchar(50) DEFAULT NULL,
  `created_at` timestamp NULL DEFAULT current_timestamp(),
  `updated_at` timestamp NULL DEFAULT NULL,
  PRIMARY KEY (`id`)
) ENGINE=InnoDB DEFAULT CHARSET=latin1;

INSERT INTO `petty_cash` (`id`, `date`, `type`, `cost`, `description`, `file`, `created_at`, `updated_at`) VALUES
(1,	'2017-08-09',	'in',	200000,	'test',	NULL,	'2017-08-09 07:47:15',	'2017-08-09 07:47:15'),
(2,	'2017-08-09',	'out',	50000,	'jajan',	'22417.jpg',	'2017-08-09 07:49:01',	'2017-08-09 07:49:01'),
(3,	'2017-08-08',	'in',	100000,	'kas',	NULL,	'2017-08-09 08:34:44',	'2017-08-09 08:34:44'),
(4,	'2017-08-08',	'out',	20000,	'nasi padang',	NULL,	'2017-08-09 08:34:58',	'2017-08-09 08:34:58'),
(5,	'2017-08-11',	'in',	150000,	'uang masuk',	NULL,	'2017-08-10 03:32:51',	'2017-08-10 03:32:51'),
(6,	'2017-08-11',	'out',	100000,	'Retur Produk Kemeja Lengan Panjang (kmj-01), Customer : Fahmi Abdurahman (C1706080001), nomor retur : RTR-021708111555001',	NULL,	'2017-08-11 08:55:35',	'2017-08-11 08:55:35'),
(7,	'2017-08-14',	'out',	495000,	'Retur Produk Hoodie 3Second (hod-003), Customer : Chandra Then (C1707120002), nomor retur : RTR-041708141557007',	NULL,	'2017-08-14 08:57:39',	'2017-08-14 08:57:39'),
(8,	'2017-08-18',	'in',	100000,	'uang untuk kembalian',	NULL,	'2017-08-18 08:25:46',	'2017-08-18 08:25:46'),
(9,	'2017-08-18',	'out',	50000,	'makan',	NULL,	'2017-08-18 08:26:38',	'2017-08-18 08:26:38'),
(10,	'2017-08-18',	'out',	175000,	'Retur Produk Sweater 3Second (swth-002), Customer : Firman (C1707210006), nomor retur : RTR-041708181625010',	NULL,	'2017-08-18 09:25:45',	'2017-08-18 09:25:45'),
(11,	'2017-09-29',	'out',	75000,	'Retur Produk Sweater (swt-01), Customer : Pelanggan (C1707180003), nomor retur : RTR-021709291417014',	NULL,	'2017-09-29 07:17:38',	'2017-09-29 07:17:38');

DROP TABLE IF EXISTS `returs`;
CREATE TABLE `returs` (
  `id` int(11) NOT NULL AUTO_INCREMENT,
  `no_retur` varchar(25) NOT NULL,
  `no_ref` varchar(25) NOT NULL DEFAULT '-',
  `customer_id` int(11) NOT NULL,
  `shop_id` int(11) NOT NULL,
  `type_retur` enum('cash','deposit','barang') NOT NULL DEFAULT 'cash',
  `model_id` int(11) NOT NULL,
  `qty` int(11) NOT NULL,
  `cost` bigint(20) NOT NULL,
  `note` text DEFAULT NULL,
  `created_at` timestamp NULL DEFAULT current_timestamp(),
  `updated_at` timestamp NULL DEFAULT NULL,
  PRIMARY KEY (`id`)
) ENGINE=InnoDB DEFAULT CHARSET=latin1;

INSERT INTO `returs` (`id`, `no_retur`, `no_ref`, `customer_id`, `shop_id`, `type_retur`, `model_id`, `qty`, `cost`, `note`, `created_at`, `updated_at`) VALUES
(1,	'RTR-021708111555001',	'-',	1,	2,	'cash',	1,	2,	100000,	'rusak',	'2017-08-11 08:55:35',	'2017-08-11 08:55:35'),
(2,	'RTR-021708111557002',	'-',	1,	2,	'deposit',	2,	1,	35000,	'lebih',	'2017-08-11 08:57:24',	'2017-08-11 08:57:24'),
(3,	'RTR-021708111558003',	'-',	1,	2,	'deposit',	2,	1,	35000,	'lebih',	'2017-08-11 08:58:27',	'2017-08-11 08:58:27'),
(4,	'RTR-021708141047004',	'-',	1,	2,	'barang',	9,	2,	0,	'test',	'2017-08-14 03:47:00',	'2017-08-14 03:47:00'),
(5,	'RTR-021708141048005',	'-',	2,	2,	'barang',	4,	2,	0,	'-',	'2017-08-14 03:48:40',	'2017-08-14 03:48:40'),
(6,	'RTR-041708141536006',	'04170810103545',	6,	4,	'barang',	8,	1,	0,	'-',	'2017-08-14 08:36:17',	'2017-08-14 08:36:17'),
(7,	'RTR-041708141557007',	'04170803150441',	2,	4,	'cash',	10,	3,	495000,	'dikembalikan',	'2017-08-14 08:57:39',	'2017-08-14 08:57:39'),
(8,	'RTR-041708151322008',	'04170803155042',	6,	4,	'deposit',	8,	2,	350000,	'jahitan kurang rapi',	'2017-08-15 06:22:18',	'2017-08-15 06:22:18'),
(9,	'RTR-021708181623009',	'-',	1,	2,	'deposit',	9,	1,	125000,	'kancing lepas',	'2017-08-18 09:23:47',	'2017-08-18 09:23:47'),
(10,	'RTR-041708181625010',	'04170810103545',	6,	4,	'cash',	8,	1,	175000,	'-',	'2017-08-18 09:25:45',	'2017-08-18 09:25:45'),
(14,	'RTR-021709290937011',	'02170914091549',	3,	2,	'barang',	5,	15,	0,	'test',	'2017-09-29 02:37:35',	'2017-09-29 02:37:35'),
(15,	'RTR-021709290937012',	'02170914091549',	3,	2,	'barang',	5,	15,	0,	'test',	'2017-09-29 02:37:58',	'2017-09-29 02:37:58'),
(16,	'RTR-021709291416013',	'02170914091549',	3,	2,	'barang',	5,	1,	0,	'',	'2017-09-29 07:16:46',	'2017-09-29 07:16:46'),
(17,	'RTR-021709291417014',	'02170914091549',	3,	2,	'cash',	5,	1,	75000,	'test',	'2017-09-29 07:17:38',	'2017-09-29 07:17:38'),
(18,	'RTR-021709291417015',	'02170914091549',	3,	2,	'deposit',	5,	1,	75000,	'test',	'2017-09-29 07:17:48',	'2017-09-29 07:17:48');

DROP TABLE IF EXISTS `role_menu`;
CREATE TABLE `role_menu` (
  `id` int(11) NOT NULL AUTO_INCREMENT,
  `menu` varchar(255) DEFAULT NULL,
  `slug` varchar(255) DEFAULT NULL,
  `url_name` varchar(255) DEFAULT NULL,
  `parent_menu` int(11) DEFAULT NULL,
  `order` int(11) DEFAULT NULL,
  `created_at` timestamp NULL DEFAULT current_timestamp(),
  `updated_at` timestamp NULL DEFAULT NULL,
  PRIMARY KEY (`id`)
) ENGINE=InnoDB DEFAULT CHARSET=latin1;

INSERT INTO `role_menu` (`id`, `menu`, `slug`, `url_name`, `parent_menu`, `order`, `created_at`, `updated_at`) VALUES
(1,	'Data',	'data',	NULL,	0,	1,	'2017-08-04 02:33:21',	'2017-08-04 02:33:21'),
(2,	'Toko',	'toko',	NULL,	0,	3,	'2017-08-04 02:33:26',	'2017-08-04 02:33:26'),
(3,	'Laporan',	'laporan',	NULL,	0,	5,	'2017-08-04 02:33:34',	'2017-08-04 02:33:34'),
(4,	'Gudang',	'gudang',	'warehouse',	1,	1,	'2017-08-04 02:33:42',	'2017-08-04 02:33:42'),
(5,	'Toko',	'toko',	'shop',	1,	2,	'2017-08-04 02:36:49',	'2017-08-04 02:36:49'),
(6,	'Produk',	'produk',	'model',	1,	3,	'2017-08-04 02:37:12',	'2017-08-04 02:37:12'),
(7,	'Stock',	'stock',	'stock',	1,	4,	'2017-08-04 02:37:25',	'2017-08-04 02:37:25'),
(8,	'Metode Pembayaran',	'metode-pembayaran',	'payment_method',	1,	5,	'2017-08-04 02:37:42',	'2017-08-04 02:37:42'),
(9,	'Biaya Produksi',	'biaya-produksi',	'cost',	1,	6,	'2017-08-04 02:38:03',	'2017-08-04 02:38:03'),
(10,	'Biaya',	'biaya-operasional',	'operasional',	1,	7,	'2017-08-04 02:39:00',	'2017-08-04 02:39:00'),
(11,	'Input Biaya',	'input-biaya',	'input-cost',	1,	8,	'2017-08-04 02:39:19',	'2017-08-04 02:39:19'),
(12,	'Salesman',	'salesman',	'salesman',	1,	9,	'2017-08-04 02:39:41',	'2017-08-04 02:39:41'),
(13,	'Customer',	'customer',	'customer',	1,	10,	'2017-08-04 02:39:46',	'2017-08-04 02:39:46'),
(14,	'Notifikasi Penagihan',	'scheduler',	'scheduler',	1,	11,	'2017-08-04 02:39:57',	'2017-08-04 02:39:57'),
(17,	'Pengiriman',	'shipping',	'shipping',	1,	12,	'2017-08-04 02:40:18',	'2017-08-04 02:40:18'),
(18,	'User',	'user',	'user',	1,	13,	'2017-08-04 02:40:22',	'2017-08-04 02:40:22'),
(19,	'Transfer Stok',	'kirim-stok',	'kirim-stock',	2,	1,	'2017-08-04 02:43:04',	'2017-08-04 02:43:04'),
(20,	'Penjualan (Langsung)',	'penjualan-toko',	'cashier',	2,	2,	'2017-08-04 02:43:37',	'2017-08-04 02:43:37'),
(21,	'Penjualan (Nota)',	'penjualan-toko-2',	'cashier-2',	2,	3,	'2017-08-09 02:08:47',	'2017-08-09 02:08:47'),
(23,	'Lihat Transaksi',	'history-penjualan',	'list_penjualan',	2,	4,	'2017-08-04 02:45:55',	'2017-08-04 02:45:55'),
(24,	'Penjualan',	'laporan-penjualan-by-pelanggan',	'report/sales_customer',	3,	4,	'2017-08-04 02:47:16',	'2017-08-04 02:47:16'),
(28,	'Stock',	'laporan-stock',	'report/stock',	3,	2,	'2017-08-04 02:48:16',	'2017-08-04 02:48:16'),
(29,	'Rugi Laba',	'laporan-rugi-laba',	'report/profit-loss',	3,	6,	'2017-08-04 02:48:28',	'2017-08-04 02:48:28'),
(30,	'Uang Kas',	'petty-cash',	'petty-cash',	1,	14,	'2017-08-09 08:33:14',	'2017-08-09 08:33:14'),
(31,	'Penyesuaian Stok',	'stock-adjustment',	'stock-adjustment',	1,	15,	'2017-08-10 07:34:32',	'2017-08-10 07:34:32'),
(32,	'Retur',	'retur',	NULL,	0,	4,	'2017-08-04 02:33:34',	'2017-08-04 02:33:34'),
(33,	'Retur tanpa Faktur',	'retur-general',	'retur-general',	32,	2,	'2017-08-04 02:33:34',	'2017-08-04 02:33:34'),
(34,	'Retur dengan Faktur',	'retur-invoice',	'retur-invoice',	32,	1,	'2017-08-04 02:33:34',	'2017-08-04 02:33:34'),
(35,	'Pembelian',	'pembelian',	'report/order-suppliers',	3,	1,	'2017-08-15 01:57:05',	'2017-08-15 01:57:05'),
(36,	'Retur',	'laporan-retur-by-product',	'report/retur-product',	3,	5,	'2017-08-15 01:58:09',	'2017-08-15 01:58:09'),
(39,	'Produksi',	'produksi',	NULL,	0,	6,	'2017-08-28 08:54:17',	'2017-08-28 08:54:17'),
(40,	'Supplier',	'supplier',	'supplier',	39,	1,	'2017-08-28 08:55:09',	'2017-08-28 08:55:09'),
(41,	'Masuk Bahan',	'masuk_bahan',	'masuk_bahan',	39,	2,	'2017-08-28 08:55:09',	'2017-08-28 08:55:09'),
(42,	'Stock Bahan',	'stock_bahan',	'stock-bahan',	39,	3,	'2017-08-28 08:55:09',	'2017-08-28 08:55:09'),
(43,	'Potong Bahan',	'potong_bahan',	'potong-bahan',	39,	4,	'2017-08-28 08:55:09',	'2017-08-28 08:55:09'),
(44,	'Modal Per PCS',	'modal_per_pcs',	'modal-pcs',	39,	5,	'2017-08-28 08:55:09',	'2017-08-28 08:55:09'),
(45,	'Pembelian',	'pembelian',	NULL,	0,	2,	'2017-08-28 08:55:09',	'2017-08-28 08:55:09'),
(46,	'Supplier',	'supplier-order',	'pembelian/supplier',	45,	1,	'2017-08-28 08:55:09',	'2017-08-28 08:55:09'),
(47,	'Form Pembelian',	'form-pembelian',	'pembelian/form',	45,	2,	'2017-08-28 08:55:09',	'2017-08-28 08:55:09'),
(48,	'List Form Pembelian',	'list-form-pembelian',	'order',	45,	3,	'2017-08-28 08:55:09',	'2017-08-28 08:55:09'),
(49,	'Pembayaran',	'pembayaran',	'pembelian/bayar',	45,	4,	'2017-08-28 08:55:09',	'2017-08-28 08:55:09'),
(50,	'Pengiriman',	'pengiriman',	'pembelian/delivery',	45,	5,	'2017-08-28 08:55:09',	'2017-08-28 08:55:09');

DROP TABLE IF EXISTS `role_user`;
CREATE TABLE `role_user` (
  `id` int(11) NOT NULL AUTO_INCREMENT,
  `role` varchar(128) DEFAULT NULL,
  `slug` varchar(128) DEFAULT NULL,
  `role_menu` text DEFAULT NULL,
  `created_at` timestamp NULL DEFAULT current_timestamp(),
  `updated_at` timestamp NULL DEFAULT NULL,
  PRIMARY KEY (`id`)
) ENGINE=InnoDB DEFAULT CHARSET=latin1;

INSERT INTO `role_user` (`id`, `role`, `slug`, `role_menu`, `created_at`, `updated_at`) VALUES
(1,	'Superadmin',	'superadmin',	'1,4,5,6,7,8,9,10,11,12,13,14,16,17,18,30,31,2,19,20,21,23,3,24,25,26,27,28,29,32,33,34,35,36,37,38,45,46,47,48,49,50,51',	'2017-08-04 01:32:41',	'2017-08-30 08:22:09'),
(2,	'Admin',	'admin',	'1,4,9,2,23,3,24,25',	'2017-08-04 01:33:08',	'2017-08-06 23:52:30'),
(3,	'Kasir',	'kasir',	'1,18,2,20',	'2017-08-08 00:44:13',	'2017-08-08 00:57:06');

DROP TABLE IF EXISTS `salesmans`;
CREATE TABLE `salesmans` (
  `id` int(11) NOT NULL AUTO_INCREMENT,
  `name` varchar(50) NOT NULL,
  `telp` varchar(50) NOT NULL,
  `created_at` timestamp NULL DEFAULT current_timestamp(),
  `updated_at` timestamp NULL DEFAULT NULL,
  PRIMARY KEY (`id`)
) ENGINE=InnoDB DEFAULT CHARSET=latin1;

INSERT INTO `salesmans` (`id`, `name`, `telp`, `created_at`, `updated_at`) VALUES
(1,	'Kholid',	'0812536113',	'2017-07-28 09:19:02',	'2017-07-28 09:19:48');

DROP TABLE IF EXISTS `scheduler_notification`;
CREATE TABLE `scheduler_notification` (
  `id` int(11) NOT NULL AUTO_INCREMENT,
  `tanggal` int(11) DEFAULT NULL,
  `created_at` timestamp NULL DEFAULT current_timestamp(),
  `updated_at` timestamp NULL DEFAULT NULL,
  PRIMARY KEY (`id`)
) ENGINE=InnoDB DEFAULT CHARSET=latin1;

INSERT INTO `scheduler_notification` (`id`, `tanggal`, `created_at`, `updated_at`) VALUES
(1,	1,	'2017-08-02 08:02:20',	'2017-08-02 08:02:20'),
(2,	11,	'2017-08-02 08:02:23',	'2017-08-02 08:02:23'),
(3,	21,	'2017-08-02 08:02:27',	'2017-08-02 08:02:27'),
(4,	28,	'2017-08-28 02:41:11',	'2017-08-28 02:41:11'),
(5,	25,	'2017-09-18 02:48:57',	'2017-09-18 02:48:57');

DROP TABLE IF EXISTS `shipping`;
CREATE TABLE `shipping` (
  `id` int(11) NOT NULL AUTO_INCREMENT,
  `name` varchar(255) DEFAULT NULL,
  `created_at` timestamp NULL DEFAULT current_timestamp(),
  `updated_at` timestamp NULL DEFAULT NULL,
  PRIMARY KEY (`id`)
) ENGINE=InnoDB DEFAULT CHARSET=latin1;

INSERT INTO `shipping` (`id`, `name`, `created_at`, `updated_at`) VALUES
(1,	'JNE',	'2017-08-03 03:58:48',	'2017-08-03 03:58:48'),
(2,	'TIKI',	'2017-08-03 03:59:08',	'2017-08-03 03:59:08'),
(3,	'POS',	'2017-08-03 03:59:23',	'2017-08-03 03:59:23'),
(4,	'Test shipping',	'2017-11-10 16:58:38',	'2017-11-10 16:58:38');

DROP TABLE IF EXISTS `shops`;
CREATE TABLE `shops` (
  `id` int(11) NOT NULL AUTO_INCREMENT,
  `name` varchar(30) DEFAULT NULL,
  `is_shop` enum('0','1') NOT NULL DEFAULT '0',
  `is_warehouse` enum('0','1') NOT NULL DEFAULT '0',
  `default` enum('0','1') NOT NULL DEFAULT '0',
  `created_at` timestamp NULL DEFAULT current_timestamp(),
  `updated_at` timestamp NULL DEFAULT NULL,
  PRIMARY KEY (`id`)
) ENGINE=InnoDB DEFAULT CHARSET=latin1;

INSERT INTO `shops` (`id`, `name`, `is_shop`, `is_warehouse`, `default`, `created_at`, `updated_at`) VALUES
(2,	'Toko 1',	'1',	'0',	'0',	'2017-06-06 21:53:17',	'2017-10-02 07:45:32'),
(3,	'Gudang 1',	'0',	'1',	'0',	'2017-06-06 21:58:58',	'2017-10-02 07:39:05'),
(4,	'Toko 2',	'1',	'0',	'1',	'2017-07-07 08:19:26',	'2017-10-02 07:45:32'),
(5,	'Gudang 2',	'0',	'1',	'0',	'2017-07-07 08:19:33',	'2017-10-02 07:39:05');

DROP TABLE IF EXISTS `stocks`;
CREATE TABLE `stocks` (
  `id` int(11) NOT NULL AUTO_INCREMENT,
  `shop_id` int(11) NOT NULL,
  `model_id` int(11) NOT NULL,
  `qty` int(11) NOT NULL,
  `created_at` timestamp NULL DEFAULT current_timestamp(),
  `updated_at` timestamp NULL DEFAULT NULL,
  PRIMARY KEY (`id`)
) ENGINE=InnoDB DEFAULT CHARSET=latin1;

INSERT INTO `stocks` (`id`, `shop_id`, `model_id`, `qty`, `created_at`, `updated_at`) VALUES
(1,	3,	1,	20,	'2017-08-23 07:40:31',	'2017-11-20 04:13:17'),
(2,	3,	2,	10,	'2017-08-23 07:40:31',	'2017-11-10 17:50:40'),
(3,	3,	3,	33,	'2017-08-23 07:41:27',	'2017-08-23 07:41:27'),
(4,	5,	4,	9,	'2017-08-23 07:41:27',	'2017-10-24 04:04:25'),
(5,	5,	5,	44,	'2017-08-23 07:41:27',	'2017-08-23 07:41:27'),
(6,	5,	6,	35,	'2017-07-21 07:00:22',	'2017-07-21 07:00:22'),
(7,	2,	7,	29,	'2017-08-22 07:13:56',	'2017-10-04 06:59:39'),
(8,	4,	8,	4,	'2017-08-10 03:35:12',	'2017-08-10 03:35:12'),
(9,	2,	9,	0,	'2017-07-31 03:12:46',	'2017-07-31 03:12:46'),
(10,	4,	10,	20,	'2017-08-08 07:27:24',	'2017-11-13 08:20:52'),
(11,	2,	11,	6,	'2017-08-22 08:26:23',	'2017-08-22 08:26:23'),
(12,	4,	13,	42,	'2017-08-22 09:14:58',	'2017-11-09 17:42:55'),
(13,	2,	4,	24,	'2017-08-23 07:41:27',	'2017-11-20 04:23:25'),
(14,	4,	4,	22,	'2017-07-21 07:06:15',	'2017-11-20 04:23:25'),
(15,	4,	1,	96,	'2017-09-08 07:57:51',	'2017-11-10 17:50:40'),
(16,	2,	1,	39,	'2017-09-08 06:55:11',	'2017-11-15 03:02:45'),
(17,	4,	2,	43,	'2017-08-23 07:40:31',	'2017-11-10 17:49:21'),
(18,	2,	2,	96,	'2017-09-12 03:10:58',	'2017-11-10 17:50:40'),
(19,	2,	6,	9,	'2017-08-04 09:18:34',	'2017-08-04 09:18:34'),
(20,	4,	6,	14,	'2017-07-21 07:06:15',	'2017-07-21 07:06:15'),
(21,	2,	5,	75,	'2017-08-23 07:41:27',	'2017-09-29 07:16:46'),
(22,	4,	3,	50,	'2017-08-23 07:41:27',	'2017-08-23 07:41:27'),
(23,	2,	13,	15,	'2017-09-12 03:10:58',	'2017-11-14 08:06:58'),
(24,	2,	12,	0,	'2017-09-11 03:23:56',	'2017-09-11 03:23:56'),
(25,	3,	15,	20,	'2017-10-02 03:57:07',	'2017-10-02 03:57:07'),
(26,	3,	13,	30,	'2017-10-02 07:26:40',	'2017-11-16 03:14:13'),
(27,	3,	12,	25,	'2017-10-02 07:26:40',	'2017-10-02 07:26:40'),
(28,	2,	18,	15,	'2017-11-16 08:19:16',	'2017-11-16 08:19:16'),
(29,	4,	18,	25,	'2017-11-16 08:19:16',	'2017-11-16 08:19:16');

DROP TABLE IF EXISTS `stocks_log`;
CREATE TABLE `stocks_log` (
  `id` int(11) NOT NULL AUTO_INCREMENT,
  `model_id` int(11) NOT NULL,
  `qty` int(11) NOT NULL DEFAULT 0,
  `transfer_from` int(11) NOT NULL DEFAULT 0,
  `transfer_to` int(11) NOT NULL DEFAULT 0,
  `type` enum('in','out','toshop','towarehouse','adjustment','retur') NOT NULL,
  `created_at` timestamp NULL DEFAULT current_timestamp(),
  `updated_at` timestamp NULL DEFAULT NULL,
  PRIMARY KEY (`id`)
) ENGINE=InnoDB DEFAULT CHARSET=latin1;

INSERT INTO `stocks_log` (`id`, `model_id`, `qty`, `transfer_from`, `transfer_to`, `type`, `created_at`, `updated_at`) VALUES
(1,	1,	75,	0,	3,	'in',	'2017-07-21 06:56:20',	'2017-07-21 06:56:20'),
(2,	2,	85,	0,	3,	'in',	'2017-07-21 06:56:32',	'2017-07-21 06:56:32'),
(3,	3,	90,	0,	3,	'in',	'2017-07-21 06:56:45',	'2017-07-21 06:56:45'),
(4,	4,	50,	0,	5,	'in',	'2017-07-21 06:56:56',	'2017-07-21 06:56:56'),
(5,	5,	95,	0,	5,	'in',	'2017-07-21 06:57:11',	'2017-07-21 06:57:11'),
(6,	6,	65,	0,	5,	'in',	'2017-07-21 06:57:29',	'2017-07-21 06:57:29'),
(7,	7,	50,	0,	2,	'in',	'2017-07-21 06:57:48',	'2017-07-21 06:57:48'),
(8,	8,	50,	0,	4,	'in',	'2017-07-21 06:58:01',	'2017-07-21 06:58:01'),
(9,	9,	45,	0,	2,	'in',	'2017-07-21 06:58:11',	'2017-07-21 06:58:11'),
(10,	10,	55,	0,	4,	'in',	'2017-07-21 06:58:19',	'2017-07-21 06:58:19'),
(11,	11,	55,	0,	2,	'in',	'2017-07-21 06:58:47',	'2017-07-21 06:58:47'),
(12,	12,	66,	0,	4,	'in',	'2017-07-21 06:58:55',	'2017-07-21 06:58:55'),
(13,	4,	20,	5,	2,	'toshop',	'2017-07-21 06:59:19',	'2017-07-21 06:59:19'),
(14,	4,	10,	5,	4,	'toshop',	'2017-07-21 06:59:25',	'2017-07-21 06:59:25'),
(15,	1,	25,	3,	4,	'toshop',	'2017-07-21 06:59:39',	'2017-07-21 06:59:39'),
(16,	1,	20,	3,	2,	'toshop',	'2017-07-21 06:59:42',	'2017-07-21 06:59:42'),
(17,	2,	35,	3,	4,	'toshop',	'2017-07-21 06:59:59',	'2017-07-21 06:59:59'),
(18,	2,	25,	3,	2,	'toshop',	'2017-07-21 07:00:02',	'2017-07-21 07:00:02'),
(19,	6,	15,	5,	2,	'toshop',	'2017-07-21 07:00:18',	'2017-07-21 07:00:18'),
(20,	6,	15,	5,	4,	'toshop',	'2017-07-21 07:00:22',	'2017-07-21 07:00:22'),
(21,	5,	45,	5,	2,	'toshop',	'2017-07-21 07:00:36',	'2017-07-21 07:00:36'),
(22,	3,	52,	3,	4,	'toshop',	'2017-07-21 07:00:55',	'2017-07-21 07:00:55'),
(23,	11,	15,	2,	0,	'out',	'2017-07-21 07:04:02',	'2017-07-21 07:04:02'),
(24,	9,	5,	2,	0,	'out',	'2017-07-21 07:04:02',	'2017-07-21 07:04:02'),
(25,	9,	5,	2,	0,	'out',	'2017-07-21 07:05:33',	'2017-07-21 07:05:33'),
(26,	8,	5,	4,	0,	'out',	'2017-07-21 07:06:15',	'2017-07-21 07:06:15'),
(27,	6,	1,	4,	0,	'out',	'2017-07-21 07:06:15',	'2017-07-21 07:06:15'),
(28,	4,	1,	4,	0,	'out',	'2017-07-21 07:06:15',	'2017-07-21 07:06:15'),
(29,	11,	2,	2,	0,	'out',	'2017-07-21 08:14:11',	'2017-07-21 08:14:11'),
(30,	9,	3,	2,	0,	'out',	'2017-07-21 08:14:11',	'2017-07-21 08:14:11'),
(31,	11,	18,	2,	0,	'out',	'2017-07-21 08:16:53',	'2017-07-21 08:16:53'),
(32,	9,	2,	2,	0,	'out',	'2017-07-21 08:16:53',	'2017-07-21 08:16:53'),
(33,	1,	1,	2,	0,	'out',	'2017-07-21 08:19:06',	'2017-07-21 08:19:06'),
(34,	1,	1,	2,	0,	'out',	'2017-07-21 08:51:56',	'2017-07-21 08:51:56'),
(35,	7,	3,	2,	0,	'out',	'2017-07-21 08:56:52',	'2017-07-21 08:56:52'),
(36,	9,	5,	2,	0,	'out',	'2017-07-21 09:30:55',	'2017-07-21 09:30:55'),
(37,	7,	4,	2,	0,	'out',	'2017-07-25 03:43:31',	'2017-07-25 03:43:31'),
(38,	7,	8,	2,	0,	'out',	'2017-07-25 08:57:12',	'2017-07-25 08:57:12'),
(39,	4,	1,	2,	0,	'out',	'2017-07-25 09:00:02',	'2017-07-25 09:00:02'),
(40,	9,	5,	2,	0,	'out',	'2017-07-25 09:07:31',	'2017-07-25 09:07:31'),
(41,	11,	2,	2,	0,	'out',	'2017-07-26 02:18:52',	'2017-07-26 02:18:52'),
(42,	9,	2,	2,	0,	'out',	'2017-07-26 02:18:52',	'2017-07-26 02:18:52'),
(43,	9,	1,	2,	0,	'out',	'2017-07-26 02:51:54',	'2017-07-26 02:51:54'),
(44,	1,	1,	2,	0,	'out',	'2017-07-26 09:50:43',	'2017-07-26 09:50:43'),
(45,	9,	2,	2,	0,	'out',	'2017-07-26 10:13:24',	'2017-07-26 10:13:24'),
(46,	11,	1,	2,	0,	'out',	'2017-07-31 03:06:50',	'2017-07-31 03:06:50'),
(47,	9,	15,	2,	0,	'out',	'2017-07-31 03:12:46',	'2017-07-31 03:12:46'),
(48,	3,	7,	4,	0,	'out',	'2017-08-01 08:37:49',	'2017-08-01 08:37:49'),
(49,	8,	18,	4,	0,	'out',	'2017-08-01 08:38:25',	'2017-08-01 08:38:25'),
(50,	4,	1,	2,	0,	'out',	'2017-08-02 03:22:26',	'2017-08-02 03:22:26'),
(51,	11,	1,	2,	0,	'out',	'2017-08-02 03:25:48',	'2017-08-02 03:25:48'),
(52,	6,	3,	2,	0,	'out',	'2017-08-02 06:31:38',	'2017-08-02 06:31:38'),
(53,	8,	3,	4,	0,	'out',	'2017-08-02 06:42:37',	'2017-08-02 06:42:37'),
(54,	11,	6,	2,	0,	'out',	'2017-08-03 07:23:25',	'2017-08-03 07:23:25'),
(55,	4,	8,	2,	0,	'out',	'2017-08-03 07:23:25',	'2017-08-03 07:23:25'),
(56,	7,	1,	2,	0,	'out',	'2017-08-03 07:27:53',	'2017-08-03 07:27:53'),
(57,	1,	1,	2,	0,	'out',	'2017-08-03 07:27:54',	'2017-08-03 07:27:54'),
(58,	6,	2,	2,	0,	'out',	'2017-08-03 07:31:05',	'2017-08-03 07:31:05'),
(59,	11,	1,	2,	0,	'out',	'2017-08-03 07:31:05',	'2017-08-03 07:31:05'),
(60,	10,	3,	4,	0,	'out',	'2017-08-03 08:01:58',	'2017-08-03 08:01:58'),
(61,	8,	2,	4,	0,	'out',	'2017-08-03 08:01:58',	'2017-08-03 08:01:58'),
(62,	10,	3,	4,	0,	'out',	'2017-08-03 08:03:08',	'2017-08-03 08:03:08'),
(63,	8,	2,	4,	0,	'out',	'2017-08-03 08:03:09',	'2017-08-03 08:03:09'),
(64,	10,	3,	4,	0,	'out',	'2017-08-03 08:03:17',	'2017-08-03 08:03:17'),
(65,	8,	2,	4,	0,	'out',	'2017-08-03 08:03:17',	'2017-08-03 08:03:17'),
(66,	10,	3,	4,	0,	'out',	'2017-08-03 08:03:55',	'2017-08-03 08:03:55'),
(67,	8,	2,	4,	0,	'out',	'2017-08-03 08:03:55',	'2017-08-03 08:03:55'),
(68,	10,	3,	4,	0,	'out',	'2017-08-03 08:04:00',	'2017-08-03 08:04:00'),
(69,	8,	2,	4,	0,	'out',	'2017-08-03 08:04:01',	'2017-08-03 08:04:01'),
(70,	10,	3,	4,	0,	'out',	'2017-08-03 08:04:29',	'2017-08-03 08:04:29'),
(71,	8,	2,	4,	0,	'out',	'2017-08-03 08:04:29',	'2017-08-03 08:04:29'),
(72,	8,	2,	4,	0,	'out',	'2017-08-03 08:50:30',	'2017-08-03 08:50:30'),
(73,	12,	6,	4,	0,	'out',	'2017-08-03 08:50:30',	'2017-08-03 08:50:30'),
(74,	2,	1,	2,	0,	'out',	'2017-08-04 16:01:57',	'2017-08-04 16:01:57'),
(75,	8,	2,	4,	0,	'out',	'2017-08-04 04:06:19',	'2017-08-04 04:06:19'),
(76,	10,	2,	4,	0,	'out',	'2017-08-04 08:31:22',	'2017-08-04 08:31:22'),
(77,	12,	3,	4,	0,	'out',	'2017-08-04 08:31:22',	'2017-08-04 08:31:22'),
(78,	12,	2,	4,	0,	'out',	'2017-08-04 09:15:00',	'2017-08-04 09:15:00'),
(79,	10,	1,	4,	0,	'out',	'2017-08-04 09:15:00',	'2017-08-04 09:15:00'),
(80,	1,	1,	2,	0,	'out',	'2017-08-04 09:18:34',	'2017-08-04 09:18:34'),
(81,	2,	1,	2,	0,	'out',	'2017-08-04 09:18:34',	'2017-08-04 09:18:34'),
(82,	4,	1,	2,	0,	'out',	'2017-08-04 09:18:34',	'2017-08-04 09:18:34'),
(83,	6,	1,	2,	0,	'out',	'2017-08-04 09:18:35',	'2017-08-04 09:18:35'),
(84,	7,	1,	2,	0,	'out',	'2017-08-04 09:18:35',	'2017-08-04 09:18:35'),
(85,	5,	1,	2,	0,	'out',	'2017-08-04 09:18:35',	'2017-08-04 09:18:35'),
(86,	11,	1,	2,	0,	'out',	'2017-08-04 09:19:25',	'2017-08-04 09:19:25'),
(87,	5,	1,	2,	0,	'out',	'2017-08-04 09:19:25',	'2017-08-04 09:19:25'),
(88,	7,	1,	2,	0,	'out',	'2017-08-04 09:19:25',	'2017-08-04 09:19:25'),
(89,	8,	1,	4,	0,	'out',	'2017-08-06 16:00:15',	'2017-08-06 16:00:15'),
(90,	2,	1,	2,	0,	'out',	'2017-08-08 07:26:00',	'2017-08-08 07:26:00'),
(91,	4,	1,	2,	0,	'out',	'2017-08-08 07:26:01',	'2017-08-08 07:26:01'),
(92,	8,	1,	4,	0,	'out',	'2017-08-08 07:27:24',	'2017-08-08 07:27:24'),
(93,	10,	1,	4,	0,	'out',	'2017-08-08 07:27:24',	'2017-08-08 07:27:24'),
(94,	8,	2,	4,	0,	'out',	'2017-08-10 03:35:13',	'2017-08-10 03:35:13'),
(96,	1,	5,	0,	2,	'adjustment',	'2017-08-10 04:32:28',	'2017-08-10 04:32:28'),
(97,	1,	-5,	0,	2,	'adjustment',	'2017-08-10 04:35:07',	'2017-08-10 04:35:07'),
(98,	5,	10,	0,	2,	'adjustment',	'2017-08-10 07:26:38',	'2017-08-10 07:26:38'),
(99,	4,	8,	2,	0,	'out',	'2017-08-18 07:03:37',	'2017-08-18 07:03:37'),
(100,	13,	30,	0,	2,	'in',	'2017-08-18 08:32:26',	'2017-08-18 08:32:26'),
(101,	13,	2,	2,	0,	'out',	'2017-08-18 08:48:33',	'2017-08-18 08:48:33'),
(102,	5,	3,	2,	0,	'out',	'2017-08-22 03:27:36',	'2017-08-22 03:27:36'),
(103,	13,	4,	2,	0,	'out',	'2017-08-22 04:05:02',	'2017-08-22 04:05:02'),
(104,	13,	2,	2,	0,	'out',	'2017-08-22 07:09:14',	'2017-08-22 07:09:14'),
(105,	13,	1,	2,	0,	'out',	'2017-08-22 07:11:09',	'2017-08-22 07:11:09'),
(106,	7,	2,	2,	0,	'out',	'2017-08-22 07:13:56',	'2017-08-22 07:13:56'),
(107,	5,	1,	2,	0,	'out',	'2017-08-22 07:16:18',	'2017-08-22 07:16:18'),
(108,	5,	1,	2,	0,	'out',	'2017-08-22 07:17:06',	'2017-08-22 07:17:06'),
(109,	5,	1,	2,	0,	'out',	'2017-08-22 07:22:04',	'2017-08-22 07:22:04'),
(110,	13,	3,	2,	0,	'out',	'2017-08-22 08:26:23',	'2017-08-22 08:26:23'),
(111,	11,	2,	2,	0,	'out',	'2017-08-22 08:26:23',	'2017-08-22 08:26:23'),
(112,	12,	3,	4,	0,	'out',	'2017-08-22 09:14:58',	'2017-08-22 09:14:58'),
(113,	13,	3,	2,	0,	'out',	'2017-08-23 03:51:18',	'2017-08-23 03:51:18'),
(114,	1,	1,	3,	2,	'toshop',	'2017-08-23 07:24:19',	'2017-08-23 07:24:19'),
(115,	2,	2,	3,	4,	'toshop',	'2017-08-23 07:24:19',	'2017-08-23 07:24:19'),
(116,	1,	4,	3,	4,	'toshop',	'2017-08-23 07:28:14',	'2017-08-23 07:28:14'),
(117,	2,	3,	3,	4,	'toshop',	'2017-08-23 07:28:14',	'2017-08-23 07:28:14'),
(118,	3,	3,	3,	4,	'toshop',	'2017-08-23 07:33:25',	'2017-08-23 07:33:25'),
(119,	5,	5,	5,	2,	'toshop',	'2017-08-23 07:33:25',	'2017-08-23 07:33:25'),
(120,	1,	1,	3,	2,	'toshop',	'2017-08-23 07:34:38',	'2017-08-23 07:34:38'),
(121,	2,	1,	3,	2,	'toshop',	'2017-08-23 07:34:38',	'2017-08-23 07:34:38'),
(122,	3,	1,	3,	4,	'toshop',	'2017-08-23 07:34:39',	'2017-08-23 07:34:39'),
(123,	1,	1,	3,	2,	'toshop',	'2017-08-23 07:35:41',	'2017-08-23 07:35:41'),
(124,	2,	1,	3,	2,	'toshop',	'2017-08-23 07:35:41',	'2017-08-23 07:35:41'),
(125,	1,	1,	3,	2,	'toshop',	'2017-08-23 07:35:58',	'2017-08-23 07:35:58'),
(126,	2,	1,	3,	2,	'toshop',	'2017-08-23 07:35:58',	'2017-08-23 07:35:58'),
(127,	1,	1,	3,	2,	'toshop',	'2017-08-23 07:37:48',	'2017-08-23 07:37:48'),
(128,	2,	1,	3,	2,	'toshop',	'2017-08-23 07:37:48',	'2017-08-23 07:37:48'),
(129,	1,	1,	3,	2,	'toshop',	'2017-08-23 07:39:43',	'2017-08-23 07:39:43'),
(130,	1,	1,	3,	4,	'toshop',	'2017-08-23 07:40:03',	'2017-08-23 07:40:03'),
(131,	2,	1,	3,	2,	'toshop',	'2017-08-23 07:40:20',	'2017-08-23 07:40:20'),
(132,	1,	2,	3,	2,	'toshop',	'2017-08-23 07:40:31',	'2017-08-23 07:40:31'),
(133,	2,	1,	3,	4,	'toshop',	'2017-08-23 07:40:31',	'2017-08-23 07:40:31'),
(134,	3,	1,	3,	4,	'toshop',	'2017-08-23 07:41:27',	'2017-08-23 07:41:27'),
(135,	4,	1,	5,	2,	'toshop',	'2017-08-23 07:41:27',	'2017-08-23 07:41:27'),
(136,	5,	1,	5,	2,	'toshop',	'2017-08-23 07:41:27',	'2017-08-23 07:41:27'),
(137,	13,	4,	2,	0,	'out',	'2017-09-06 08:41:27',	'2017-09-06 08:41:27'),
(138,	13,	2,	2,	0,	'out',	'2017-09-06 08:42:02',	'2017-09-06 08:42:02'),
(139,	1,	5,	0,	2,	'in',	'2017-09-08 06:48:52',	'2017-09-08 06:48:52'),
(140,	2,	5,	0,	2,	'in',	'2017-09-08 06:48:52',	'2017-09-08 06:48:52'),
(141,	1,	5,	0,	2,	'in',	'2017-09-08 06:55:11',	'2017-09-08 06:55:11'),
(142,	2,	5,	0,	2,	'in',	'2017-09-08 06:55:11',	'2017-09-08 06:55:11'),
(143,	1,	20,	0,	4,	'in',	'2017-09-08 07:43:33',	'2017-09-08 07:43:33'),
(144,	2,	25,	0,	2,	'in',	'2017-09-08 07:43:33',	'2017-09-08 07:43:33'),
(145,	1,	20,	0,	4,	'in',	'2017-09-08 07:43:38',	'2017-09-08 07:43:38'),
(146,	2,	25,	0,	2,	'in',	'2017-09-08 07:43:38',	'2017-09-08 07:43:38'),
(147,	1,	20,	0,	4,	'in',	'2017-09-08 07:57:51',	'2017-09-08 07:57:51'),
(148,	2,	15,	0,	2,	'in',	'2017-09-08 07:57:51',	'2017-09-08 07:57:51'),
(149,	13,	25,	0,	2,	'in',	'2017-09-11 03:23:56',	'2017-09-11 03:23:56'),
(150,	12,	25,	0,	2,	'in',	'2017-09-11 03:23:56',	'2017-09-11 03:23:56'),
(151,	2,	3,	2,	0,	'out',	'2017-09-12 03:10:58',	'2017-09-12 03:10:58'),
(152,	13,	9,	2,	0,	'out',	'2017-09-12 03:10:58',	'2017-09-12 03:10:58'),
(153,	5,	9,	2,	0,	'out',	'2017-09-14 02:15:12',	'2017-09-14 02:15:12'),
(154,	5,	15,	2,	2,	'retur',	'2017-09-29 02:37:58',	'2017-09-29 02:37:58'),
(155,	5,	15,	2,	2,	'retur',	'2017-09-29 02:37:58',	'2017-09-29 02:37:58'),
(156,	5,	1,	2,	2,	'retur',	'2017-09-29 07:16:46',	'2017-09-29 07:16:46'),
(157,	15,	20,	0,	3,	'in',	'2017-10-02 03:57:07',	'2017-10-02 03:57:07'),
(158,	13,	25,	0,	3,	'in',	'2017-10-02 07:26:40',	'2017-10-02 07:26:40'),
(159,	12,	25,	0,	3,	'in',	'2017-10-02 07:26:40',	'2017-10-02 07:26:40'),
(160,	13,	0,	0,	4,	'in',	'2017-10-02 09:09:40',	'2017-10-02 09:09:40'),
(161,	12,	0,	0,	4,	'in',	'2017-10-02 09:09:40',	'2017-10-02 09:09:40'),
(162,	7,	1,	2,	0,	'out',	'2017-10-04 06:59:39',	'2017-10-04 06:59:39'),
(164,	1,	5,	0,	4,	'in',	'2017-10-18 02:53:22',	'2017-10-18 02:53:22'),
(165,	13,	2,	2,	0,	'out',	'2017-10-19 06:53:26',	'2017-10-19 06:53:26'),
(166,	1,	2,	2,	0,	'out',	'2017-10-19 09:08:37',	'2017-10-19 09:08:37'),
(167,	1,	2,	2,	0,	'out',	'2017-10-19 09:09:13',	'2017-10-19 09:09:13'),
(168,	1,	2,	2,	0,	'out',	'2017-10-23 03:10:34',	'2017-10-23 03:10:34'),
(169,	1,	2,	2,	0,	'out',	'2017-10-23 03:11:54',	'2017-10-23 03:11:54'),
(170,	4,	4,	5,	2,	'toshop',	'2017-10-23 08:04:04',	'2017-10-23 08:04:04'),
(171,	4,	4,	5,	2,	'toshop',	'2017-10-23 08:04:58',	'2017-10-23 08:04:58'),
(172,	4,	2,	5,	4,	'toshop',	'2017-10-24 04:04:25',	'2017-10-24 04:04:25'),
(173,	4,	2,	4,	2,	'toshop',	'2017-10-24 04:04:25',	'2017-10-24 04:04:25'),
(174,	13,	1,	2,	0,	'out',	'2017-11-06 08:10:47',	'2017-11-06 08:10:47'),
(175,	13,	6,	4,	0,	'out',	'2017-11-07 21:47:59',	'2017-11-07 21:47:59'),
(176,	13,	1,	4,	0,	'out',	'2017-11-07 21:54:43',	'2017-11-07 21:54:43'),
(177,	10,	3,	4,	0,	'out',	'2017-11-07 21:57:28',	'2017-11-07 21:57:28'),
(178,	10,	1,	4,	0,	'out',	'2017-11-07 21:59:23',	'2017-11-07 21:59:23'),
(179,	13,	1,	4,	0,	'out',	'2017-11-07 22:02:54',	'2017-11-07 22:02:54'),
(180,	13,	2,	2,	0,	'out',	'2017-11-09 17:37:48',	'2017-11-09 17:37:48'),
(181,	10,	4,	4,	0,	'out',	'2017-11-09 17:38:47',	'2017-11-09 17:38:47'),
(182,	13,	2,	4,	0,	'out',	'2017-11-09 17:42:55',	'2017-11-09 17:42:55'),
(183,	1,	1,	3,	2,	'toshop',	'2017-11-10 17:49:21',	'2017-11-10 17:49:21'),
(184,	2,	2,	3,	4,	'toshop',	'2017-11-10 17:49:21',	'2017-11-10 17:49:21'),
(185,	1,	1,	3,	4,	'toshop',	'2017-11-10 17:50:40',	'2017-11-10 17:50:40'),
(186,	2,	2,	3,	2,	'toshop',	'2017-11-10 17:50:40',	'2017-11-10 17:50:40'),
(187,	10,	5,	4,	0,	'out',	'2017-11-13 08:20:52',	'2017-11-13 08:20:52'),
(188,	13,	5,	2,	0,	'out',	'2017-11-14 08:06:59',	'2017-11-14 08:06:59'),
(191,	1,	1,	0,	2,	'adjustment',	'2017-11-15 03:02:45',	'2017-11-15 03:02:45'),
(192,	13,	5,	0,	3,	'adjustment',	'2017-11-16 03:14:13',	'2017-11-16 03:14:13'),
(193,	18,	15,	0,	2,	'in',	'2017-11-16 08:19:16',	'2017-11-16 08:19:16'),
(194,	18,	25,	0,	4,	'in',	'2017-11-16 08:19:16',	'2017-11-16 08:19:16'),
(196,	1,	5,	0,	3,	'in',	'2017-11-20 04:13:17',	'2017-11-20 04:13:17'),
(197,	4,	13,	0,	2,	'in',	'2017-11-20 04:23:25',	'2017-11-20 04:23:25'),
(198,	4,	13,	0,	4,	'in',	'2017-11-20 04:23:25',	'2017-11-20 04:23:25');

DROP TABLE IF EXISTS `stock_adjustments`;
CREATE TABLE `stock_adjustments` (
  `id` int(11) NOT NULL AUTO_INCREMENT,
  `date` date NOT NULL,
  `shop_id` int(11) NOT NULL,
  `model_id` int(11) NOT NULL,
  `type` enum('min','plus') NOT NULL DEFAULT 'plus',
  `qty` int(11) NOT NULL,
  `note` text NOT NULL,
  `created_at` timestamp NULL DEFAULT current_timestamp(),
  `updated_at` timestamp NULL DEFAULT NULL,
  PRIMARY KEY (`id`)
) ENGINE=InnoDB DEFAULT CHARSET=latin1;

INSERT INTO `stock_adjustments` (`id`, `date`, `shop_id`, `model_id`, `type`, `qty`, `note`, `created_at`, `updated_at`) VALUES
(1,	'2017-08-10',	2,	1,	'min',	5,	'salah input',	'2017-08-10 04:35:07',	'2017-08-10 04:35:07'),
(2,	'2017-08-10',	2,	5,	'plus',	10,	'tests',	'2017-08-10 07:30:35',	'2017-11-08 21:50:30'),
(5,	'2017-11-01',	2,	1,	'plus',	1,	'',	'2017-11-15 03:02:45',	'2017-11-15 03:02:45'),
(6,	'2017-11-16',	3,	13,	'plus',	5,	'',	'2017-11-16 03:14:13',	'2017-11-16 03:14:13');

DROP TABLE IF EXISTS `stock_bahans`;
CREATE TABLE `stock_bahans` (
  `id` int(11) NOT NULL AUTO_INCREMENT,
  `supplier_id` int(11) NOT NULL,
  `bahan_id` int(11) NOT NULL,
  `motif_id` int(11) NOT NULL,
  `roll` int(11) NOT NULL,
  `qty` int(11) NOT NULL,
  `total` bigint(20) NOT NULL,
  `created_at` timestamp NULL DEFAULT current_timestamp(),
  `updated_at` timestamp NULL DEFAULT NULL,
  PRIMARY KEY (`id`)
) ENGINE=InnoDB DEFAULT CHARSET=latin1;

INSERT INTO `stock_bahans` (`id`, `supplier_id`, `bahan_id`, `motif_id`, `roll`, `qty`, `total`, `created_at`, `updated_at`) VALUES
(1,	1,	4,	1,	5,	111,	1110000,	'2017-09-05 08:56:09',	'0000-00-00 00:00:00'),
(2,	1,	5,	1,	5,	133,	1463000,	'2017-09-05 08:56:48',	'0000-00-00 00:00:00'),
(3,	2,	6,	2,	5,	115,	1207500,	'2017-09-05 08:57:26',	'0000-00-00 00:00:00');

DROP TABLE IF EXISTS `stock_bahan_details`;
CREATE TABLE `stock_bahan_details` (
  `id` int(11) NOT NULL AUTO_INCREMENT,
  `stock_id` int(11) NOT NULL,
  `warna_id` int(11) NOT NULL,
  `kg` int(11) NOT NULL,
  `total` int(11) NOT NULL,
  `created_at` timestamp NULL DEFAULT current_timestamp(),
  `updated_at` timestamp NULL DEFAULT NULL,
  PRIMARY KEY (`id`)
) ENGINE=InnoDB DEFAULT CHARSET=latin1;

INSERT INTO `stock_bahan_details` (`id`, `stock_id`, `warna_id`, `kg`, `total`, `created_at`, `updated_at`) VALUES
(1,	1,	1,	19,	190000,	'2017-09-05 08:56:09',	'2017-09-05 08:56:09'),
(2,	1,	1,	20,	200000,	'2017-09-05 08:56:09',	'2017-09-05 08:56:09'),
(3,	1,	2,	22,	220000,	'2017-09-05 08:56:09',	'2017-09-05 08:56:09'),
(4,	1,	2,	24,	240000,	'2017-09-05 08:56:10',	'2017-09-05 08:56:10'),
(5,	1,	2,	26,	260000,	'2017-09-05 08:56:10',	'2017-09-05 08:56:10'),
(6,	2,	1,	23,	253000,	'2017-09-05 08:56:48',	'2017-09-05 08:56:48'),
(7,	2,	2,	26,	286000,	'2017-09-05 08:56:48',	'2017-09-05 08:56:48'),
(8,	2,	2,	27,	297000,	'2017-09-05 08:56:48',	'2017-09-05 08:56:48'),
(9,	2,	2,	28,	308000,	'2017-09-05 08:56:49',	'2017-09-05 08:56:49'),
(10,	2,	2,	29,	319000,	'2017-09-05 08:56:49',	'2017-09-05 08:56:49'),
(11,	3,	1,	21,	220500,	'2017-09-05 08:57:26',	'2017-09-05 08:57:26'),
(12,	3,	1,	22,	231000,	'2017-09-05 08:57:26',	'2017-09-05 08:57:26'),
(13,	3,	1,	23,	241500,	'2017-09-05 08:57:26',	'2017-09-05 08:57:26'),
(14,	3,	2,	24,	252000,	'2017-09-05 08:57:27',	'2017-09-05 08:57:27'),
(15,	3,	2,	25,	262500,	'2017-09-05 08:57:27',	'2017-09-05 08:57:27');

DROP TABLE IF EXISTS `stock_bahan_log`;
CREATE TABLE `stock_bahan_log` (
  `id` int(11) NOT NULL AUTO_INCREMENT,
  `tanggal` varchar(20) NOT NULL,
  `transaksi` varchar(15) NOT NULL,
  `stock_id` int(11) NOT NULL,
  `warna_id` int(11) NOT NULL,
  `kg` int(11) NOT NULL,
  `harga` int(11) NOT NULL,
  `created_at` timestamp NULL DEFAULT current_timestamp(),
  `updated_at` timestamp NULL DEFAULT NULL,
  PRIMARY KEY (`id`)
) ENGINE=InnoDB DEFAULT CHARSET=latin1;

INSERT INTO `stock_bahan_log` (`id`, `tanggal`, `transaksi`, `stock_id`, `warna_id`, `kg`, `harga`, `created_at`, `updated_at`) VALUES
(1,	'09/05/2017',	'beli',	1,	1,	19,	10000,	'2017-09-05 08:56:09',	'2017-09-05 08:56:09'),
(2,	'09/05/2017',	'beli',	1,	1,	20,	10000,	'2017-09-05 08:56:09',	'2017-09-05 08:56:09'),
(3,	'09/05/2017',	'beli',	1,	2,	22,	10000,	'2017-09-05 08:56:09',	'2017-09-05 08:56:09'),
(4,	'09/05/2017',	'beli',	1,	2,	24,	10000,	'2017-09-05 08:56:10',	'2017-09-05 08:56:10'),
(5,	'09/05/2017',	'beli',	1,	2,	26,	10000,	'2017-09-05 08:56:10',	'2017-09-05 08:56:10'),
(6,	'09/05/2017',	'beli',	2,	1,	23,	11000,	'2017-09-05 08:56:48',	'2017-09-05 08:56:48'),
(7,	'09/05/2017',	'beli',	2,	2,	26,	11000,	'2017-09-05 08:56:48',	'2017-09-05 08:56:48'),
(8,	'09/05/2017',	'beli',	2,	2,	27,	11000,	'2017-09-05 08:56:49',	'2017-09-05 08:56:49'),
(9,	'09/05/2017',	'beli',	2,	2,	28,	11000,	'2017-09-05 08:56:49',	'2017-09-05 08:56:49'),
(10,	'09/05/2017',	'beli',	2,	2,	29,	11000,	'2017-09-05 08:56:49',	'2017-09-05 08:56:49'),
(11,	'09/05/2017',	'beli',	3,	1,	21,	10500,	'2017-09-05 08:57:26',	'2017-09-05 08:57:26'),
(12,	'09/05/2017',	'beli',	3,	1,	22,	10500,	'2017-09-05 08:57:26',	'2017-09-05 08:57:26'),
(13,	'09/05/2017',	'beli',	3,	1,	23,	10500,	'2017-09-05 08:57:27',	'2017-09-05 08:57:27'),
(14,	'09/05/2017',	'beli',	3,	2,	24,	10500,	'2017-09-05 08:57:27',	'2017-09-05 08:57:27'),
(15,	'09/05/2017',	'beli',	3,	2,	25,	10500,	'2017-09-05 08:57:27',	'2017-09-05 08:57:27');

DROP VIEW IF EXISTS `stock_by_shop`;
CREATE TABLE `stock_by_shop` (`model_id` int(11), `qtys` decimal(32,0), `qtyw` decimal(32,0));


DROP VIEW IF EXISTS `stock_movement`;
CREATE TABLE `stock_movement` (`name` varchar(50), `id` int(11), `model_id` int(11), `transfer_from` int(11), `transfer_to` int(11), `type` enum('in','out','toshop','towarehouse','adjustment','retur'), `created_at` timestamp, `updated_at` timestamp, `stock_in` bigint(11), `stock_out` bigint(11), `stock_shop` bigint(11), `stock_warehouse` bigint(11), `stock_adjustment` bigint(11), `stock_retur` bigint(11));


DROP VIEW IF EXISTS `stock_summaries`;
CREATE TABLE `stock_summaries` (`name` varchar(50), `model_id` int(11), `stock_in` decimal(41,0), `stock_out` decimal(41,0), `stock_shop` decimal(54,0), `stock_warehouse` decimal(54,0));


DROP VIEW IF EXISTS `stock_summary`;
CREATE TABLE `stock_summary` (`model_id` int(11), `name` varchar(50), `stock_in` decimal(41,0), `stock_out` decimal(41,0));


DROP TABLE IF EXISTS `suppliers`;
CREATE TABLE `suppliers` (
  `id` int(11) NOT NULL AUTO_INCREMENT,
  `nama` varchar(100) DEFAULT NULL,
  `no_telp` varchar(20) DEFAULT NULL,
  `email` varchar(65) DEFAULT NULL,
  `pic` varchar(30) DEFAULT NULL,
  `alamat` varchar(100) DEFAULT NULL,
  `keterangan` varchar(100) DEFAULT NULL,
  `created_at` timestamp NULL DEFAULT current_timestamp(),
  `updated_at` timestamp NULL DEFAULT NULL,
  PRIMARY KEY (`id`)
) ENGINE=InnoDB DEFAULT CHARSET=latin1;

INSERT INTO `suppliers` (`id`, `nama`, `no_telp`, `email`, `pic`, `alamat`, `keterangan`, `created_at`, `updated_at`) VALUES
(1,	'YKK',	'123456',	'admin@ykk.co.id',	'Fahmi Abdurahman',	'Bogor',	'-',	'2017-06-06 08:02:28',	'2017-06-06 01:02:28'),
(2,	'Javatex',	'021754561',	'sales_javatex@gmail.com',	'Deni',	'Jakarta',	'-',	'2017-08-29 06:46:39',	'2017-08-29 06:46:39');

DROP TABLE IF EXISTS `suppliers_bahan`;
CREATE TABLE `suppliers_bahan` (
  `id` int(11) NOT NULL AUTO_INCREMENT,
  `supplier_id` int(11) NOT NULL,
  `name` varchar(50) DEFAULT NULL,
  `created_at` timestamp NULL DEFAULT current_timestamp(),
  `updated_at` timestamp NULL DEFAULT NULL,
  PRIMARY KEY (`id`)
) ENGINE=InnoDB DEFAULT CHARSET=latin1;

INSERT INTO `suppliers_bahan` (`id`, `supplier_id`, `name`, `created_at`, `updated_at`) VALUES
(4,	1,	'Kain Katun',	'2017-06-06 01:54:42',	'2017-06-06 01:54:42'),
(5,	1,	'Kain Flanel',	'2017-06-06 01:55:25',	'2017-06-06 01:55:25'),
(6,	2,	'Katun',	'2017-08-29 07:08:06',	'2017-08-29 07:08:06');

DROP TABLE IF EXISTS `suppliers_model`;
CREATE TABLE `suppliers_model` (
  `id` int(11) NOT NULL AUTO_INCREMENT,
  `supplier_id` int(11) NOT NULL,
  `name` varchar(50) DEFAULT NULL,
  `created_at` timestamp NULL DEFAULT current_timestamp(),
  `updated_at` timestamp NULL DEFAULT NULL,
  PRIMARY KEY (`id`)
) ENGINE=InnoDB DEFAULT CHARSET=latin1;

INSERT INTO `suppliers_model` (`id`, `supplier_id`, `name`, `created_at`, `updated_at`) VALUES
(1,	1,	'Polos',	'2017-06-06 02:14:45',	'2017-06-06 02:14:45'),
(2,	2,	'Polos',	'2017-08-31 02:30:16',	'2017-08-31 02:30:16');

DROP TABLE IF EXISTS `supplier_orders`;
CREATE TABLE `supplier_orders` (
  `id` int(11) NOT NULL AUTO_INCREMENT,
  `nama` varchar(100) DEFAULT NULL,
  `no_telp` varchar(20) DEFAULT NULL,
  `email` varchar(65) DEFAULT NULL,
  `pic` varchar(30) DEFAULT NULL,
  `alamat` varchar(100) DEFAULT NULL,
  `created_at` timestamp NULL DEFAULT current_timestamp(),
  `updated_at` timestamp NULL DEFAULT NULL,
  PRIMARY KEY (`id`)
) ENGINE=InnoDB DEFAULT CHARSET=latin1;

INSERT INTO `supplier_orders` (`id`, `nama`, `no_telp`, `email`, `pic`, `alamat`, `created_at`, `updated_at`) VALUES
(1,	'Gildan Innovation',	'08123134562',	'sales@gildan.com',	'Achan',	'Jakarta Pusat',	'2017-09-06 06:37:26',	'2017-09-06 06:37:26'),
(2,	'Suppliers',	'123456',	'suppliers@mail.com',	'supplier',	'Jakarta Utara',	'2017-09-11 02:45:16',	'2017-09-11 02:45:16'),
(3,	'Firman',	'0878787845',	'firman@gmail.com',	'firman',	'jakarta kota',	'2017-09-15 03:03:10',	'2017-09-15 03:03:10'),
(4,	'YKK',	'087755446622',	'admin@ykk.co.id',	'Agus',	'Cijantung',	'2017-11-09 16:38:58',	'2017-11-09 16:47:41');

DROP TABLE IF EXISTS `temp_bahans`;
CREATE TABLE `temp_bahans` (
  `id` int(11) NOT NULL AUTO_INCREMENT,
  `tanggal` varchar(30) NOT NULL,
  `supplier_id` int(11) NOT NULL,
  `harga` bigint(20) NOT NULL,
  `bahan_id` int(11) NOT NULL,
  `motif_id` int(11) NOT NULL,
  `created_at` timestamp NULL DEFAULT current_timestamp(),
  `updated_at` timestamp NULL DEFAULT NULL,
  PRIMARY KEY (`id`)
) ENGINE=InnoDB DEFAULT CHARSET=latin1;


DROP TABLE IF EXISTS `temp_bahan_details`;
CREATE TABLE `temp_bahan_details` (
  `id` int(11) NOT NULL AUTO_INCREMENT,
  `temp_id` int(11) NOT NULL,
  `warna_id` int(11) NOT NULL,
  `kg` bigint(20) NOT NULL,
  `created_at` timestamp NULL DEFAULT current_timestamp(),
  `updated_at` timestamp NULL DEFAULT NULL,
  PRIMARY KEY (`id`)
) ENGINE=InnoDB DEFAULT CHARSET=latin1;


DROP TABLE IF EXISTS `temp_potong`;
CREATE TABLE `temp_potong` (
  `id` int(11) NOT NULL AUTO_INCREMENT,
  `tanggal` varchar(20) NOT NULL,
  `stock_bahan_detail_id` int(11) NOT NULL,
  `created_at` timestamp NULL DEFAULT current_timestamp(),
  `updated_at` timestamp NULL DEFAULT NULL,
  PRIMARY KEY (`id`)
) ENGINE=InnoDB DEFAULT CHARSET=latin1;

INSERT INTO `temp_potong` (`id`, `tanggal`, `stock_bahan_detail_id`, `created_at`, `updated_at`) VALUES
(1,	'2017-09-05',	11,	'2017-09-05 09:23:43',	'2017-09-05 09:23:43'),
(2,	'2017-09-05',	3,	'2017-09-05 09:23:51',	'2017-09-05 09:23:51');

DROP TABLE IF EXISTS `temp_potong_model`;
CREATE TABLE `temp_potong_model` (
  `id` int(11) NOT NULL AUTO_INCREMENT,
  `model_id` int(11) NOT NULL,
  `qty` int(11) NOT NULL,
  `created_at` timestamp NULL DEFAULT current_timestamp(),
  `updated_at` timestamp NULL DEFAULT NULL,
  PRIMARY KEY (`id`)
) ENGINE=InnoDB DEFAULT CHARSET=latin1;


DROP TABLE IF EXISTS `trx_bahans`;
CREATE TABLE `trx_bahans` (
  `id` int(11) NOT NULL AUTO_INCREMENT,
  `tanggal` varchar(100) NOT NULL,
  `supplier_id` int(11) NOT NULL,
  `bahan_id` int(11) NOT NULL,
  `motif_id` int(11) NOT NULL,
  `total` bigint(20) NOT NULL,
  `created_at` timestamp NULL DEFAULT current_timestamp(),
  `updated_at` timestamp NULL DEFAULT NULL,
  PRIMARY KEY (`id`)
) ENGINE=InnoDB DEFAULT CHARSET=latin1;

INSERT INTO `trx_bahans` (`id`, `tanggal`, `supplier_id`, `bahan_id`, `motif_id`, `total`, `created_at`, `updated_at`) VALUES
(1,	'09/05/2017',	1,	4,	1,	1110000,	'2017-09-05 08:56:09',	'0000-00-00 00:00:00'),
(2,	'09/05/2017',	1,	5,	1,	1463000,	'2017-09-05 08:56:48',	'0000-00-00 00:00:00'),
(3,	'09/05/2017',	2,	6,	2,	1207500,	'2017-09-05 08:57:26',	'0000-00-00 00:00:00');

DROP TABLE IF EXISTS `trx_bahan_details`;
CREATE TABLE `trx_bahan_details` (
  `id` int(11) NOT NULL AUTO_INCREMENT,
  `trx_id` int(11) NOT NULL,
  `warna_id` int(11) NOT NULL,
  `kg` int(11) NOT NULL,
  `total` bigint(20) NOT NULL,
  `created_at` timestamp NULL DEFAULT current_timestamp(),
  `updated_at` timestamp NULL DEFAULT NULL,
  PRIMARY KEY (`id`)
) ENGINE=InnoDB DEFAULT CHARSET=latin1;

INSERT INTO `trx_bahan_details` (`id`, `trx_id`, `warna_id`, `kg`, `total`, `created_at`, `updated_at`) VALUES
(1,	1,	1,	19,	190000,	'2017-09-05 08:56:09',	'2017-09-05 08:56:09'),
(2,	1,	1,	20,	200000,	'2017-09-05 08:56:09',	'2017-09-05 08:56:09'),
(3,	1,	2,	22,	220000,	'2017-09-05 08:56:09',	'2017-09-05 08:56:09'),
(4,	1,	2,	24,	240000,	'2017-09-05 08:56:09',	'2017-09-05 08:56:09'),
(5,	1,	2,	26,	260000,	'2017-09-05 08:56:09',	'2017-09-05 08:56:09'),
(6,	2,	1,	23,	253000,	'2017-09-05 08:56:48',	'2017-09-05 08:56:48'),
(7,	2,	2,	26,	286000,	'2017-09-05 08:56:48',	'2017-09-05 08:56:48'),
(8,	2,	2,	27,	297000,	'2017-09-05 08:56:48',	'2017-09-05 08:56:48'),
(9,	2,	2,	28,	308000,	'2017-09-05 08:56:48',	'2017-09-05 08:56:48'),
(10,	2,	2,	29,	319000,	'2017-09-05 08:56:48',	'2017-09-05 08:56:48'),
(11,	3,	1,	21,	220500,	'2017-09-05 08:57:26',	'2017-09-05 08:57:26'),
(12,	3,	1,	22,	231000,	'2017-09-05 08:57:26',	'2017-09-05 08:57:26'),
(13,	3,	1,	23,	241500,	'2017-09-05 08:57:26',	'2017-09-05 08:57:26'),
(14,	3,	2,	24,	252000,	'2017-09-05 08:57:26',	'2017-09-05 08:57:26'),
(15,	3,	2,	25,	262500,	'2017-09-05 08:57:26',	'2017-09-05 08:57:26');

DROP TABLE IF EXISTS `users`;
CREATE TABLE `users` (
  `id` int(10) unsigned NOT NULL AUTO_INCREMENT,
  `name` varchar(255) COLLATE utf8_unicode_ci NOT NULL,
  `username` varchar(50) COLLATE utf8_unicode_ci NOT NULL,
  `email` varchar(255) COLLATE utf8_unicode_ci NOT NULL,
  `password` varchar(255) COLLATE utf8_unicode_ci NOT NULL,
  `role` tinyint(4) NOT NULL,
  `shop_id` int(11) NOT NULL,
  `remember_token` varchar(100) COLLATE utf8_unicode_ci DEFAULT NULL,
  `created_at` timestamp NULL DEFAULT current_timestamp(),
  `updated_at` timestamp NULL DEFAULT NULL,
  PRIMARY KEY (`id`),
  UNIQUE KEY `users_email_unique` (`email`)
) ENGINE=InnoDB DEFAULT CHARSET=utf8 COLLATE=utf8_unicode_ci;

INSERT INTO `users` (`id`, `name`, `username`, `email`, `password`, `role`, `shop_id`, `remember_token`, `created_at`, `updated_at`) VALUES
(1,	'Administrator',	'admin',	'fhmabdurahman@gmail.com',	'$2a$06$Frgkq3miTAgcsA7FQbZLNOdVTgQnUnExEl9Eu1sOoQbrEqDeNAMV6',	1,	0,	'07BuUlyKGc1Cc1t5oFnoKG37GuEmC4k1lG7N1bf5UVrfKTQuAsDwMW3DwCG4',	'2017-09-06 05:58:51',	'2017-11-13 08:24:47'),
(3,	'Fahmi',	'fahmi',	'fahmi@cranium.id',	'$2y$10$k/Ar.18Bj9BPoBGe5UVrGu7.UTXYgnMwACkuv20J.cfnXbY/67L5q',	1,	4,	'98fs4iOWlZ0eH9lx3Tj2288L3PwZ6EYkbgCJ8MoW71XmW14S7SWBqIpAN2s8',	'2017-08-11 07:40:22',	'2017-08-11 07:40:22'),
(4,	'David',	'david',	'davidbudiyanto@yahoo.com',	'$2y$10$ddrFW/Z/0rghdxGc7i3fdOm/7bGlpru7FW6LfmV7GOLEOb0MqtdK2',	1,	2,	NULL,	'2017-07-18 18:19:35',	'2017-07-18 18:19:35'),
(5,	'Sales Person',	'salesman',	'salesman@mail.com',	'$2y$10$4JonytsVcZWWgoE4VZ8iBubr9tXYYTLecGAJtqb7nUoDGj6Zk7ala',	3,	4,	'jiPsW8I7mkCbhOi0OXEON6NuPXpmwnEEfqDnfJIdP5dJKJV8gkUU3PdXgQHb',	'2017-09-12 03:04:25',	'2017-09-29 08:49:33');

DROP VIEW IF EXISTS `v_debt`;
CREATE TABLE `v_debt` (`customer_id` int(11), `debt` decimal(41,0));


DROP VIEW IF EXISTS `v_do`;
CREATE TABLE `v_do` (`order_id` int(11), `model_id` int(11), `qty` decimal(34,0));


DROP VIEW IF EXISTS `v_loss`;
CREATE TABLE `v_loss` (`id` int(11), `shop_id` int(11), `name` varchar(30), `pengeluaran` bigint(20), `date` date);


DROP VIEW IF EXISTS `v_modal_pcs`;
CREATE TABLE `v_modal_pcs` (`id` int(11), `tanggal` varchar(20), `supplier` varchar(100), `bahan` varchar(50), `motif` varchar(50), `warna` varchar(20), `kg` int(11), `total` int(11));


DROP VIEW IF EXISTS `v_model`;
CREATE TABLE `v_model` (`id` int(11), `name` varchar(50), `model_name` varchar(50), `category` varchar(50), `image` varchar(50), `info` text, `total_cost` bigint(20), `price` bigint(20), `diff` bigint(20), `created_at` timestamp, `updated_at` timestamp, `qty` decimal(32,0));


DROP VIEW IF EXISTS `v_penjualan`;
CREATE TABLE `v_penjualan` (`id` int(11), `created_at` timestamp, `no_ref` varchar(20), `nama` varchar(50), `name` varchar(255), `total` bigint(20), `status` varchar(20), `no_resi` varchar(30));


DROP VIEW IF EXISTS `v_petty_cash`;
CREATE TABLE `v_petty_cash` (`id` int(11), `date` date, `cost_in` bigint(20), `cost_out` bigint(20), `description` text, `file` varchar(50), `created_at` timestamp, `updated_at` timestamp);


DROP VIEW IF EXISTS `v_product`;
CREATE TABLE `v_product` (`id` int(11), `name` varchar(50), `model_name` varchar(50), `names` varchar(103), `tqty` int(11), `tmodal` bigint(30), `tharga` bigint(30), `tprofit` bigint(30), `created_at` timestamp);


DROP VIEW IF EXISTS `v_profit`;
CREATE TABLE `v_profit` (`shop_id` int(11), `name` varchar(30), `pendapatan` bigint(30), `modal` bigint(30), `profit` bigint(30), `tanggal` timestamp);


DROP VIEW IF EXISTS `v_report_cus`;
CREATE TABLE `v_report_cus` (`customer_id` int(11), `sales` decimal(41,0), `discount` decimal(41,0), `debt` decimal(65,0));


DROP VIEW IF EXISTS `v_retur_product`;
CREATE TABLE `v_retur_product` (`model_id` int(11), `names` varchar(103), `qty` int(11), `tmodal` bigint(30), `tharga` bigint(30), `tprofit` bigint(30), `created_at` timestamp, `updated_at` timestamp);


DROP VIEW IF EXISTS `v_sale`;
CREATE TABLE `v_sale` (`id` int(11), `customer_id` int(11), `no_ref` varchar(20), `subtotal` bigint(20), `discount` bigint(20), `pays` decimal(41,0), `debt` decimal(43,0), `created_at` timestamp);


DROP VIEW IF EXISTS `v_sales`;
CREATE TABLE `v_sales` (`customer_id` int(11), `sales` decimal(41,0));


DROP VIEW IF EXISTS `v_stock`;
CREATE TABLE `v_stock` (`id` int(11), `shop_name` varchar(30), `shop_id` int(11), `model_name` varchar(50), `models_name` varchar(50), `qty` int(11));


DROP VIEW IF EXISTS `v_temp_potong`;
CREATE TABLE `v_temp_potong` (`id` int(11), `supp` varchar(100), `bahan` varchar(50), `motif` varchar(50), `warna` varchar(20), `kg` int(11));


DROP TABLE IF EXISTS `warnas`;
CREATE TABLE `warnas` (
  `id` int(11) NOT NULL AUTO_INCREMENT,
  `name` varchar(20) NOT NULL,
  `created_at` timestamp NULL DEFAULT current_timestamp(),
  `updated_at` timestamp NULL DEFAULT NULL,
  PRIMARY KEY (`id`)
) ENGINE=InnoDB DEFAULT CHARSET=latin1;

INSERT INTO `warnas` (`id`, `name`, `created_at`, `updated_at`) VALUES
(1,	'Merah',	'2017-06-07 19:18:44',	'2017-06-07 19:18:44'),
(2,	'Jingga',	'2017-06-07 19:18:50',	'2017-06-07 19:18:50');

DROP TABLE IF EXISTS `stock_by_shop`;
CREATE ALGORITHM=UNDEFINED SQL SECURITY DEFINER VIEW `stock_by_shop` AS select `stocks`.`model_id` AS `model_id`,case when `shops`.`is_shop` = '1' then sum(`stocks`.`qty`) end AS `qtys`,case when `shops`.`is_warehouse` = '1' then sum(`stocks`.`qty`) end AS `qtyw` from (`shops` join `stocks` on(`stocks`.`shop_id` = `shops`.`id`)) group by `stocks`.`model_id`,`shops`.`is_shop`;

DROP TABLE IF EXISTS `stock_movement`;
CREATE ALGORITHM=UNDEFINED SQL SECURITY DEFINER VIEW `stock_movement` AS (select `models`.`name` AS `name`,`stocks_log`.`id` AS `id`,`stocks_log`.`model_id` AS `model_id`,`stocks_log`.`transfer_from` AS `transfer_from`,`stocks_log`.`transfer_to` AS `transfer_to`,`stocks_log`.`type` AS `type`,`stocks_log`.`created_at` AS `created_at`,`stocks_log`.`updated_at` AS `updated_at`,case when `stocks_log`.`type` = 'in' then `stocks_log`.`qty` end AS `stock_in`,case when `stocks_log`.`type` = 'out' then `stocks_log`.`qty` end AS `stock_out`,case when `stocks_log`.`type` = 'toshop' then `stocks_log`.`qty` end AS `stock_shop`,case when `stocks_log`.`type` = 'towarehouse' then `stocks_log`.`qty` end AS `stock_warehouse`,case when `stocks_log`.`type` = 'adjustment' then `stocks_log`.`qty` end AS `stock_adjustment`,case when `stocks_log`.`type` = 'retur' then `stocks_log`.`qty` end AS `stock_retur` from (`stocks_log` join `models` on(`stocks_log`.`model_id` = `models`.`id`)));

DROP TABLE IF EXISTS `stock_summaries`;
CREATE ALGORITHM=UNDEFINED SQL SECURITY DEFINER VIEW `stock_summaries` AS (select `ss`.`name` AS `name`,`ss`.`model_id` AS `model_id`,`ss`.`stock_in` AS `stock_in`,`ss`.`stock_out` AS `stock_out`,sum(`sbs`.`qtys`) AS `stock_shop`,sum(`sbs`.`qtyw`) AS `stock_warehouse` from (`stock_summary` `ss` join `stock_by_shop` `sbs` on(`ss`.`model_id` = `sbs`.`model_id`)) group by `ss`.`model_id`);

DROP TABLE IF EXISTS `stock_summary`;
CREATE ALGORITHM=UNDEFINED SQL SECURITY DEFINER VIEW `stock_summary` AS (select `stock_movement`.`model_id` AS `model_id`,`stock_movement`.`name` AS `name`,sum(`stock_movement`.`stock_in`) AS `stock_in`,sum(`stock_movement`.`stock_out`) AS `stock_out` from `stock_movement` group by `stock_movement`.`model_id`);

DROP TABLE IF EXISTS `v_debt`;
CREATE ALGORITHM=UNDEFINED SQL SECURITY DEFINER VIEW `v_debt` AS (select `customers`.`id` AS `customer_id`,sum(`debts`.`debt`) AS `debt` from (`customers` left join `debts` on(`debts`.`customer_id` = `customers`.`id`)) group by `customers`.`customer_code`);

DROP TABLE IF EXISTS `v_do`;
CREATE ALGORITHM=UNDEFINED SQL SECURITY DEFINER VIEW `v_do` AS (select `orders`.`id` AS `order_id`,`order_delivery_details`.`model_id` AS `model_id`,`order_details`.`qty` - sum(`order_delivery_details`.`qty`) - sum(`order_delivery_details`.`retur`) AS `qty` from (((`order_delivery` join `orders` on(`orders`.`id` = `order_delivery`.`order_id`)) join `order_details` on(`orders`.`id` = `order_details`.`order_id`)) join `order_delivery_details` on(`order_delivery_details`.`order_delivery_id` = `order_delivery`.`id`)) where `order_delivery`.`order_id` = 3 group by `order_delivery_details`.`model_id`);

DROP TABLE IF EXISTS `v_loss`;
CREATE ALGORITHM=UNDEFINED SQL SECURITY DEFINER VIEW `v_loss` AS (select `operational_costs`.`id` AS `id`,`shops`.`id` AS `shop_id`,`shops`.`name` AS `name`,`operational_costs`.`cost` AS `pengeluaran`,`operational_costs`.`date` AS `date` from (`shops` left join `operational_costs` on(`shops`.`id` = `operational_costs`.`shop_id`)) where `shops`.`is_shop` = '1');

DROP TABLE IF EXISTS `v_modal_pcs`;
CREATE ALGORITHM=UNDEFINED SQL SECURITY DEFINER VIEW `v_modal_pcs` AS (select `modal_pcs`.`id` AS `id`,`modal_pcs`.`tanggal` AS `tanggal`,`suppliers`.`nama` AS `supplier`,`suppliers_bahan`.`name` AS `bahan`,`suppliers_model`.`name` AS `motif`,`warnas`.`name` AS `warna`,`stock_bahan_details`.`kg` AS `kg`,`stock_bahan_details`.`total` AS `total` from (((((((`modal_pcs` join `modal_pcs_bahan` on(`modal_pcs_bahan`.`modal_pcs_id` = `modal_pcs`.`id`)) join `stock_bahan_details` on(`stock_bahan_details`.`id` = `modal_pcs_bahan`.`stock_bahan_detail_id`)) join `stock_bahans` on(`stock_bahans`.`id` = `stock_bahan_details`.`stock_id`)) join `suppliers` on(`suppliers`.`id` = `stock_bahans`.`supplier_id`)) join `suppliers_bahan` on(`suppliers_bahan`.`id` = `stock_bahans`.`bahan_id`)) join `suppliers_model` on(`suppliers_model`.`id` = `stock_bahans`.`motif_id`)) join `warnas` on(`warnas`.`id` = `stock_bahan_details`.`warna_id`)));

DROP TABLE IF EXISTS `v_model`;
CREATE ALGORITHM=UNDEFINED SQL SECURITY DEFINER VIEW `v_model` AS (select `models`.`id` AS `id`,`models`.`name` AS `name`,`models`.`model_name` AS `model_name`,`models`.`category` AS `category`,`models`.`image` AS `image`,`models`.`info` AS `info`,`models`.`total_cost` AS `total_cost`,`models`.`price` AS `price`,`models`.`diff` AS `diff`,`models`.`created_at` AS `created_at`,`models`.`updated_at` AS `updated_at`,sum(`stocks`.`qty`) AS `qty` from (`models` left join `stocks` on(`stocks`.`model_id` = `models`.`id`)) group by `models`.`id`);

DROP TABLE IF EXISTS `v_penjualan`;
CREATE ALGORITHM=UNDEFINED SQL SECURITY DEFINER VIEW `v_penjualan` AS (select `cashier`.`id` AS `id`,`cashier`.`created_at` AS `created_at`,`cashier`.`no_ref` AS `no_ref`,`customers`.`nama` AS `nama`,`users`.`name` AS `name`,`cashier`.`total` AS `total`,`cashier_status`.`status` AS `status`,`cashier_status`.`no_resi` AS `no_resi` from (((`cashier` left join `users` on(`users`.`id` = `cashier`.`salesman_id`)) left join `cashier_status` on(`cashier_status`.`no_ref` = `cashier`.`no_ref`)) join `customers` on(`customers`.`id` = `cashier`.`customer_id`)));

DROP TABLE IF EXISTS `v_petty_cash`;
CREATE ALGORITHM=UNDEFINED SQL SECURITY DEFINER VIEW `v_petty_cash` AS (select `petty_cash`.`id` AS `id`,`petty_cash`.`date` AS `date`,case when `petty_cash`.`type` = 'in' then `petty_cash`.`cost` end AS `cost_in`,case when `petty_cash`.`type` = 'out' then `petty_cash`.`cost` end AS `cost_out`,`petty_cash`.`description` AS `description`,`petty_cash`.`file` AS `file`,`petty_cash`.`created_at` AS `created_at`,`petty_cash`.`updated_at` AS `updated_at` from `petty_cash`);

DROP TABLE IF EXISTS `v_product`;
CREATE ALGORITHM=UNDEFINED SQL SECURITY DEFINER VIEW `v_product` AS (select `models`.`id` AS `id`,`models`.`name` AS `name`,`models`.`model_name` AS `model_name`,concat(`models`.`name`,' (',`models`.`model_name`,')') AS `names`,`stocks_log`.`qty` AS `tqty`,`stocks_log`.`qty` * `models`.`total_cost` AS `tmodal`,`stocks_log`.`qty` * `models`.`price` AS `tharga`,`stocks_log`.`qty` * `models`.`diff` AS `tprofit`,`stocks_log`.`created_at` AS `created_at` from (`models` join `stocks_log` on(`stocks_log`.`model_id` = `models`.`id`)) where `stocks_log`.`type` = 'out');

DROP TABLE IF EXISTS `v_profit`;
CREATE ALGORITHM=UNDEFINED SQL SECURITY DEFINER VIEW `v_profit` AS (select `shops`.`id` AS `shop_id`,`shops`.`name` AS `name`,`cashier_details`.`qty` * `models`.`price` AS `pendapatan`,`cashier_details`.`qty` * `models`.`total_cost` AS `modal`,`cashier_details`.`qty` * `models`.`diff` AS `profit`,`cashier_details`.`created_at` AS `tanggal` from (`shops` left join ((`cashier` join `cashier_details` on(`cashier_details`.`cashier_id` = `cashier`.`id`)) join `models` on(`cashier_details`.`model_id` = `models`.`id`)) on(`shops`.`id` = `cashier`.`shop_id`)) where `shops`.`is_shop` = '1');

DROP TABLE IF EXISTS `v_report_cus`;
CREATE ALGORITHM=UNDEFINED SQL SECURITY DEFINER VIEW `v_report_cus` AS (select `v_sale`.`customer_id` AS `customer_id`,sum(`v_sale`.`subtotal`) AS `sales`,sum(`v_sale`.`discount`) AS `discount`,sum(`v_sale`.`debt`) AS `debt` from `v_sale` group by `v_sale`.`customer_id`);

DROP TABLE IF EXISTS `v_retur_product`;
CREATE ALGORITHM=UNDEFINED SQL SECURITY DEFINER VIEW `v_retur_product` AS (select `returs`.`model_id` AS `model_id`,concat(`models`.`name`,' (',`models`.`model_name`,')') AS `names`,`returs`.`qty` AS `qty`,`models`.`total_cost` * `returs`.`qty` AS `tmodal`,`models`.`price` * `returs`.`qty` AS `tharga`,`models`.`diff` * `returs`.`qty` AS `tprofit`,`returs`.`created_at` AS `created_at`,`returs`.`updated_at` AS `updated_at` from (`returs` join `models` on(`models`.`id` = `returs`.`model_id`)));

DROP TABLE IF EXISTS `v_sale`;
CREATE ALGORITHM=UNDEFINED SQL SECURITY DEFINER VIEW `v_sale` AS (select `cashier`.`id` AS `id`,`cashier`.`customer_id` AS `customer_id`,`cashier`.`no_ref` AS `no_ref`,`cashier`.`subtotal` AS `subtotal`,`cashier`.`discount` AS `discount`,sum(`payments`.`pay`) AS `pays`,sum(`payments`.`pay`) - `cashier`.`subtotal` + `cashier`.`discount` AS `debt`,`cashier`.`created_at` AS `created_at` from ((`cashier` left join `payments` on(`cashier`.`no_ref` = `payments`.`no_ref`)) left join `debts` on(`cashier`.`no_ref` = `debts`.`no_ref`)) group by `cashier`.`no_ref`);

DROP TABLE IF EXISTS `v_sales`;
CREATE ALGORITHM=UNDEFINED SQL SECURITY DEFINER VIEW `v_sales` AS (select `customers`.`id` AS `customer_id`,sum(`cashier`.`subtotal`) AS `sales` from (`customers` left join `cashier` on(`cashier`.`customer_id` = `customers`.`id`)) group by `customers`.`customer_code`);

DROP TABLE IF EXISTS `v_stock`;
CREATE ALGORITHM=UNDEFINED SQL SECURITY DEFINER VIEW `v_stock` AS (select `stocks`.`id` AS `id`,`shops`.`name` AS `shop_name`,`shops`.`id` AS `shop_id`,`models`.`name` AS `model_name`,`models`.`model_name` AS `models_name`,`stocks`.`qty` AS `qty` from ((`stocks` join `shops` on(`shops`.`id` = `stocks`.`shop_id`)) join `models` on(`models`.`id` = `stocks`.`model_id`)) where `stocks`.`qty` <> 0 order by `stocks`.`id`);

DROP TABLE IF EXISTS `v_temp_potong`;
CREATE ALGORITHM=UNDEFINED SQL SECURITY DEFINER VIEW `v_temp_potong` AS (select `temp_potong`.`id` AS `id`,`suppliers`.`nama` AS `supp`,`suppliers_bahan`.`name` AS `bahan`,`suppliers_model`.`name` AS `motif`,`warnas`.`name` AS `warna`,`stock_bahan_details`.`kg` AS `kg` from ((((((`temp_potong` join `stock_bahan_details` on(`stock_bahan_details`.`id` = `temp_potong`.`stock_bahan_detail_id`)) join `stock_bahans` on(`stock_bahans`.`id` = `stock_bahan_details`.`stock_id`)) join `suppliers` on(`suppliers`.`id` = `stock_bahans`.`supplier_id`)) join `suppliers_bahan` on(`suppliers_bahan`.`id` = `stock_bahans`.`bahan_id`)) join `suppliers_model` on(`suppliers_model`.`id` = `stock_bahans`.`motif_id`)) join `warnas` on(`warnas`.`id` = `stock_bahan_details`.`warna_id`)));

-- 2017-11-23 02:21:51
